"epoch,loss,r2,val_loss,val_r2"
"1.0,0.06717289984226227,0.5013930797576904,0.012430199421942227,0.90934818983078"
"2.0,0.012019501999020582,0.911945641040802,0.007107903715223073,0.947328805923462"
"3.0,0.007057690527290107,0.9483409523963928,0.004566010553389789,0.9663822650909424"
"4.0,0.005179641768336295,0.9621023535728456,0.0034695563372224556,0.974579095840454"
"5.0,0.004245268646627665,0.9689408540725708,0.0036898406688123954,0.9729285836219788"
"6.0,0.0038305600173771386,0.972041666507721,0.002832117723301053,0.9792101979255676"
"7.0,0.0034510376863181604,0.9747476577758788,0.0025831796228885655,0.9810770750045776"
"8.0,0.003175349673256278,0.9767544865608216,0.002483062213286758,0.9817995429039"
"9.0,0.0030119565781205897,0.9779529571533204,0.0023267886135727176,0.9829514622688292"
"10.0,0.0028199374210089467,0.9793967008590698,0.002205647993832826,0.9838402271270752"
"11.0,0.0027628489769995217,0.9797654747962952,0.002212659688666462,0.9837446212768556"
"12.0,0.0024449180345982317,0.9821356534957886,0.0019339473219588395,0.9858331680297852"
"13.0,0.0022578875068575157,0.9834878444671632,0.0019109462155029167,0.9859859943389891"
"14.0,0.002162693999707698,0.984182059764862,0.0017814129823818812,0.986943244934082"
"15.0,0.0020588582847267394,0.984943687915802,0.001673090155236423,0.9877514243125916"
"16.0,0.0019184455741196864,0.9859997630119324,0.0015467306366190303,0.9886733293533324"
"17.0,0.0017752326093614114,0.987030565738678,0.0014518859097734094,0.9893738627433776"
"18.0,0.0016474312869831904,0.9879515767097472,0.0014049627352505918,0.9897048473358154"
"19.0,0.0015402627177536492,0.9887378215789796,0.0013293297961354264,0.9902531504631042"
"20.0,0.0015327056171372533,0.988804817199707,0.0012610320700332529,0.9907627105712892"
"21.0,0.0014254653360694642,0.9895974397659302,0.0012147052912041543,0.9910920262336732"
"22.0,0.0014065413270145666,0.9897149205207824,0.0012009635102003817,0.991201400756836"
"23.0,0.0013455939479172221,0.9901715517044068,0.0011358448537066579,0.9916781187057496"
"24.0,0.0013131728628650303,0.990405797958374,0.0010874468134716153,0.9920262098312378"
"25.0,0.0013123826356604687,0.9904252290725708,0.0011416213819757087,0.991647720336914"
"26.0,0.0012631773715838792,0.9907613396644592,0.0010896833846345544,0.991995096206665"
"27.0,0.001219033845700324,0.9910876154899596,0.0010814000852406003,0.9920799732208252"
"28.0,0.0012384668225422508,0.990942656993866,0.0010184224229305978,0.9925238490104676"
"29.0,0.0011958312243223173,0.9912741780281068,0.0010215120855718853,0.9924971461296082"
"30.0,0.001174759236164391,0.9914047718048096,0.0009870602516457423,0.992761492729187"
"31.0,0.0011921698460355399,0.9912641048431396,0.0011671858374029404,0.9914332628250122"
"32.0,0.00114693702198565,0.9916064739227296,0.0009043976897373804,0.9933583736419678"
"33.0,0.0011262188199907543,0.9917497634887696,0.0008817299967631701,0.993524134159088"
"34.0,0.0010583142284303886,0.99226313829422,0.0008800812065601361,0.9935245513916016"
"35.0,0.0010483313817530868,0.9923441410064696,0.0008564059971831739,0.9936935901641846"
"36.0,0.001122714718803763,0.9917871952056884,0.000867943686898798,0.9936147332191468"
"37.0,0.001028779195621609,0.9924519062042236,0.0008343171793967479,0.993876338005066"
"38.0,0.0009921939345076687,0.99275141954422,0.0008904894930310541,0.9934555888175964"
"39.0,0.00099779455922544,0.9927041530609132,0.0008162842132151121,0.9940159916877748"
"40.0,0.0010383342159911981,0.9923954010009766,0.0010014699073508384,0.9926733374595642"
"41.0,0.0010524019598960883,0.9922875165939332,0.000876541656907648,0.9935725331306458"
"42.0,0.0009905366459861393,0.9927482604980468,0.0008123968145810068,0.9940343499183656"
"43.0,0.0009693449828773734,0.9929174780845642,0.0007908185361884529,0.9941803812980652"
"44.0,0.0009765976574271926,0.9928509593009948,0.0007841390324756504,0.9942286610603333"
"45.0,0.0009804507717490194,0.9928311109542848,0.0007872226997278624,0.99421226978302"
"46.0,0.0010071942815557124,0.9926272630691528,0.0008196809794753793,0.993983805179596"
"47.0,0.0009772708872333167,0.9928361177444458,0.000779216294176877,0.9942712783813475"
"48.0,0.0010073090670630316,0.9926166534423828,0.0007605627761222422,0.9944183826446532"
"49.0,0.0010025841183960436,0.9926670789718628,0.0007609417079947889,0.9944077730178832"
"50.0,0.0010126228444278245,0.9925876259803772,0.001008527586236595,0.9925373792648317"
"51.0,0.0009606796083971861,0.992965042591095,0.0008201648015528917,0.993986964225769"
"52.0,0.001015037996694446,0.9925861358642578,0.0007660212577320633,0.9943711757659912"
"53.0,0.000919998856261373,0.9932641983032228,0.0007714811363257471,0.9943087100982666"
"54.0,0.0009618415497243392,0.9929636716842652,0.0007389150559902199,0.994578778743744"
"55.0,0.0010098257334902898,0.992645502090454,0.0009052444947883487,0.99339359998703"
"56.0,0.0009228835697285827,0.9932343363761902,0.0007546463748440146,0.9944533109664916"
"57.0,0.0009086426580324766,0.9933541417121888,0.0007817441364750261,0.9942613244056702"
"58.0,0.0009537093574181198,0.9930176138877868,0.001042889547534287,0.992313265800476"
"59.0,0.0009411216597072758,0.993127703666687,0.0007205764995887879,0.99471116065979"
"60.0,0.0009227536502294243,0.9932581782341005,0.0008402968524023893,0.9937778115272522"
"61.0,0.0009216343169100588,0.9932568073272704,0.0008069159230217329,0.9940614700317384"
"62.0,0.0009331775945611294,0.9931869506835938,0.0007448553806170824,0.994538962841034"
"63.0,0.0009726991993375126,0.9929063320159912,0.0007952459272928534,0.994172751903534"
"64.0,0.0009266012930311256,0.9932263493537904,0.0007279934943653642,0.99465149641037"
"65.0,0.0009333926136605439,0.9931726455688475,0.0007634194334968922,0.9943928122520448"
"66.0,0.0009144857758656146,0.9933364391326904,0.0007995258783921589,0.9941306710243224"
"67.0,0.000974641297943889,0.9928789138793944,0.0007231237250380216,0.9946954250335692"
"68.0,0.000931290560401976,0.9931743144989014,0.000944842293392867,0.9930696487426758"
"69.0,0.0009057060815393923,0.993362843990326,0.000756584166083485,0.9944491982460022"
"70.0,0.0009039172437042009,0.9933927059173584,0.0007241205894388258,0.9946871995925904"
"71.0,0.0009027041378431017,0.9934026002883912,0.0007387337391264737,0.9945700764656068"
"72.0,0.0009092596592381598,0.993367075920105,0.0007165663992054764,0.9947384595870972"
"73.0,0.0009962032781913883,0.9927318096160888,0.0007282827282324432,0.9946580529212952"
"74.0,0.0009477856219746175,0.9930655360221864,0.0007399214082397524,0.9945755004882812"
"75.0,0.0008968616602942341,0.9934484958648682,0.0007241593557409949,0.9946827292442322"
"76.0,0.0008981184801086765,0.9934436082839966,0.0007349640945903953,0.9946004152297974"
"77.0,0.0008769492851570243,0.9935888648033142,0.000797570974100381,0.9941271543502808"
"78.0,0.0009214503807015715,0.9932650327682496,0.0007820066530257462,0.9942689538002014"
"79.0,0.00090997846564278,0.9933554530143738,0.0007893271977081896,0.9942131042480468"
"80.0,0.0009406657773070022,0.9931268692016602,0.0007206379668787112,0.9947115778923036"
"81.0,0.0008841942762956021,0.9935172200202942,0.0008035365026444202,0.9941124320030212"
"82.0,0.0009224641835317017,0.9932475686073304,0.0007216837839223444,0.994706690311432"
"83.0,0.0008974247612059109,0.993437886238098,0.0007854998693801467,0.9942610859870912"
"84.0,0.0009247525013051925,0.9932333827018738,0.0009211797732859843,0.9932782053947448"
"85.0,0.000930416746996343,0.9932059049606324,0.0007091921288520096,0.9948012232780457"
"86.0,0.0009049357613548639,0.9933790564537048,0.0007648246828466658,0.994378387928009"
"87.0,0.0008827091078273944,0.9935369491577148,0.0006995209259912372,0.9948664903640748"
"88.0,0.0008991230861283846,0.9934306740760804,0.0007288252236321573,0.994640588760376"
"89.0,0.0009421737631782892,0.9930944442749025,0.0008008127333596352,0.9941478371620178"
"90.0,0.000930379261262715,0.9931854605674744,0.0007299517747014763,0.9946390986442566"
"91.0,0.0009385631419718276,0.9931544065475464,0.0008246717625297606,0.993963658809662"
"92.0,0.000888787268195301,0.993493914604187,0.0007534273900091638,0.9944584369659424"
"93.0,0.0008873165352270011,0.9935004711151124,0.0007418179884552952,0.9945433735847472"
"94.0,0.0008838674402795731,0.9935230612754822,0.0008194570546038452,0.9939801692962646"
"95.0,0.0009225538815371692,0.9932363033294678,0.0007962333038449285,0.9941487908363342"
"96.0,0.0009000870632007722,0.9934176206588744,0.0007091894512996082,0.9947847723960876"
"97.0,0.0008511490887030962,0.99376118183136,0.0008680081809870895,0.9936802387237548"
"98.0,0.0008982735453173524,0.993412971496582,0.0007443202193826441,0.9945349097251892"
"99.0,0.0008965661399997773,0.9934415817260742,0.0007221578853204851,0.9947106838226318"
"100.0,0.0008788114064373072,0.993556261062622,0.0007134979241527619,0.994766652584076"
"1.0,0.07578105479478836,0.4422644376754761,0.022975722327828428,0.8387042284011841"
"2.0,0.014685938134789472,0.8921096324920654,0.008218058384954943,0.9423964619636536"
"3.0,0.008677439764142042,0.9359049201011658,0.006812475156039002,0.9521188735961914"
"4.0,0.006737872026860716,0.9503061771392822,0.005167826544493435,0.9634780883789062"
"5.0,0.005521328188478947,0.95932799577713,0.004243940580636265,0.9700571894645692"
"6.0,0.004432329442352054,0.96734356880188,0.0034702962730079885,0.975462794303894"
"7.0,0.003637646324932573,0.9732405543327332,0.0028783720917999736,0.9796860814094543"
"8.0,0.0029906197451055063,0.9779621958732604,0.002516027074307203,0.982248842716217"
"9.0,0.0025955841410905105,0.9808943867683412,0.002210868289694187,0.984400749206543"
"10.0,0.0023710494861006754,0.9825623035430908,0.0019327773479744794,0.9863641262054444"
"11.0,0.002069728681817651,0.984761118888855,0.0017452940810471782,0.9876978397369384"
"12.0,0.0019093013834208224,0.9859383702278136,0.0016273204237222672,0.9885281324386596"
"13.0,0.0017426924314349888,0.9871770143508912,0.0015425649471580971,0.98912250995636"
"14.0,0.001659507164731622,0.987782061100006,0.001476026372984049,0.9895894527435304"
"15.0,0.0016007391968742002,0.9882271885871888,0.0014169521164149065,0.989994466304779"
"16.0,0.00151775067206472,0.988826334476471,0.0014467443106696005,0.9897900819778442"
"17.0,0.0015085185877978802,0.988877296447754,0.0013830508105456831,0.99023699760437"
"18.0,0.0014483870472759008,0.9893300533294678,0.0013125783298164615,0.9907365441322328"
"19.0,0.0014306000666692855,0.9894720911979676,0.0012746766442432995,0.9909944534301758"
"20.0,0.001385234761983157,0.989775776863098,0.0012572454288601867,0.991120994091034"
"21.0,0.0013781450688838965,0.9898569583892822,0.001230386202223598,0.9913097023963928"
"22.0,0.0013403254561126223,0.9901134967803956,0.001226325868628917,0.9913376569747924"
"23.0,0.0013316157273948184,0.9902298450469972,0.0011826843256130804,0.9916561841964722"
"24.0,0.0013769831275567423,0.9898604154586792,0.0012198346666991706,0.9913909435272216"
"25.0,0.0012646246468648323,0.990672528743744,0.0012575106229633095,0.991115152835846"
"26.0,0.0012295299675315619,0.9909275770187378,0.0011364994570612905,0.9919846653938292"
"27.0,0.001239071134477853,0.9908850789070128,0.0011184633476659651,0.9921061992645264"
"28.0,0.0012165922671556473,0.991041898727417,0.001109779928810895,0.9921508431434632"
"29.0,0.0012006973847746856,0.9911421537399292,0.0011217285646125674,0.9920793175697328"
"30.0,0.0012012807419523592,0.9911417365074158,0.0010864108335226772,0.99232017993927"
"31.0,0.001204084604978561,0.991138756275177,0.001064824755303562,0.9924767017364502"
"32.0,0.001183510990813374,0.991291880607605,0.001068655867129564,0.9924647808074952"
"33.0,0.0011960823321714995,0.9911791682243348,0.0011197882704436786,0.9921207427978516"
"34.0,0.0011889972956851131,0.9912185668945312,0.001040325849317014,0.9926365613937378"
"35.0,0.0011507110903039577,0.9915031790733336,0.0011506262235343452,0.9918630123138428"
"36.0,0.0012022259179502728,0.9911339282989502,0.001049051759764552,0.9925854206085204"
"37.0,0.0011607891647145152,0.9914361238479614,0.001011561718769372,0.9928460717201232"
"38.0,0.0011285126674920325,0.991683542728424,0.0010537953348830338,0.9925347566604614"
"39.0,0.0011692279949784275,0.9913762211799622,0.0012861613649874908,0.9909598231315612"
"40.0,0.0011790256248787048,0.9913108348846436,0.0010891529964283107,0.9923149943351746"
"41.0,0.001167108071967959,0.991405189037323,0.001067051431164145,0.9924609661102296"
"42.0,0.0011695475550368443,0.9913575053215028,0.001075974316336215,0.992406129837036"
"43.0,0.0011604012688621872,0.991445243358612,0.0009902225574478503,0.9929948449134828"
"44.0,0.0011572776129469278,0.9914717078208924,0.0010419971076771623,0.992631494998932"
"45.0,0.0011191556695848701,0.9917457103729248,0.0010046565439552064,0.992884874343872"
"46.0,0.0011376920156180859,0.9915961027145386,0.0009825673187151551,0.9930440187454224"
"47.0,0.0011215149424970152,0.991704523563385,0.001011654618196189,0.9928345084190368"
"48.0,0.0011207059724256394,0.991729497909546,0.001158509869128464,0.9917792081832886"
"49.0,0.0011738704051822422,0.9913634061813354,0.0011355588212609295,0.99198979139328"
"50.0,0.0011454685591161247,0.9915426969528198,0.0010009621037170284,0.992913782596588"
"51.0,0.0011130793718621143,0.9917771816253662,0.0009781622793525449,0.9930750727653505"
"52.0,0.0011272103292867537,0.9916821718215942,0.0009696705383248629,0.99313884973526"
"53.0,0.001113039790652692,0.9917760491371156,0.0010414362186565995,0.9926264882087708"
"54.0,0.0011421344242990026,0.9915695190429688,0.001005385885946452,0.9928860068321228"
"55.0,0.0011136289685964582,0.99179869890213,0.0010386832291260353,0.9926322102546692"
"56.0,0.001146740047261118,0.9915364384651184,0.0010315671097487198,0.9927030205726624"
"57.0,0.0011392397573217754,0.9916101098060608,0.0012058097636327143,0.9914966225624084"
"58.0,0.0011272531701251858,0.9916794300079346,0.0010464409133419399,0.99257630109787"
"59.0,0.0011049975873902453,0.991851806640625,0.0009695207700133323,0.9931398034095764"
"60.0,0.00113923114258796,0.9915807247161864,0.0009857869008556013,0.9930253624916076"
"61.0,0.0010961876250803464,0.9918996095657348,0.0010360855376347886,0.9926732182502748"
"62.0,0.0011149252532050018,0.991779327392578,0.0009857718832790839,0.9930291771888732"
"63.0,0.001113440375775098,0.9917823076248168,0.0009783187415450807,0.99308842420578"
"64.0,0.001112815923988819,0.9918006062507628,0.000976611627265811,0.9930994510650636"
"65.0,0.0010871866252273315,0.991974949836731,0.0009733618353493506,0.9931132793426514"
"66.0,0.001096932450309396,0.9918944239616394,0.0010431540431454778,0.9926044940948486"
"67.0,0.0011224702466279273,0.9917054772377014,0.001105353818275035,0.9922083616256714"
"68.0,0.0011442991672083742,0.9915654063224792,0.000973242043983192,0.9930981397628784"
"69.0,0.0010912389261648063,0.991949200630188,0.0009676290210336447,0.9931442737579346"
"70.0,0.0010985850822180505,0.9919057488441468,0.0009641163633205003,0.9931760430336"
"71.0,0.0011193597456440334,0.9917340874671936,0.0009499176521785554,0.9932730793952942"
"72.0,0.0011060442775487906,0.9918282628059388,0.0009839154081419121,0.99302077293396"
"73.0,0.0010953209130093453,0.9919376373291016,0.0009893632959574463,0.992981493473053"
"74.0,0.0010846139630302793,0.9919964671134948,0.0009612492285668846,0.9931857585906982"
"75.0,0.00108302605804056,0.9920057654380798,0.0009619038901291789,0.9931893944740297"
"76.0,0.0011106684105470783,0.991802453994751,0.0009753701742738489,0.9930986762046814"
"77.0,0.0011010423768311735,0.9918674826622008,0.001002966891974211,0.9929016828536988"
"78.0,0.0011480551911517982,0.9915357232093812,0.0009792100172489875,0.9930633902549744"
"79.0,0.0010959943756461148,0.9919226765632628,0.001016033464111388,0.9928212761878968"
"80.0,0.0010887386742979286,0.9919759035110474,0.000957135285716503,0.993219256401062"
"81.0,0.0011146367760375133,0.9917696714401244,0.000975426810327918,0.9930960536003112"
"82.0,0.0010806444333866239,0.9920227527618408,0.0009543655905872586,0.993250012397766"
"83.0,0.001115076127462088,0.9917714595794678,0.0009669404244050386,0.9931485652923584"
"84.0,0.0010796368587762102,0.992051362991333,0.0009499284788034851,0.9932705760002136"
"85.0,0.001080918940715492,0.9920120239257812,0.0009493370307609439,0.9932795763015748"
"86.0,0.001109948148950934,0.9918034672737122,0.0010288505582138905,0.992746114730835"
"87.0,0.0012081401655450472,0.9911215901374816,0.000981718534603715,0.993032157421112"
"88.0,0.001080296002328396,0.9920217990875244,0.0009454201208427547,0.9933072328567504"
"89.0,0.0011251900577917693,0.9916975498199464,0.0009661163785494868,0.9931613206863404"
"90.0,0.0010984045220538974,0.9918891191482544,0.0009727544384077185,0.993112325668335"
"91.0,0.0010637632803991422,0.9921406507492064,0.0009552536066621537,0.9932342171669006"
"92.0,0.0010971660958603027,0.9918994903564452,0.001001927303150297,0.9929139018058776"
"93.0,0.001110273296944797,0.9918241500854492,0.0010026604868471622,0.992916226387024"
"94.0,0.0010969330323860045,0.9919195175170898,0.0009342390694655478,0.9933868050575256"
"95.0,0.0010642723646014927,0.9921413064002992,0.0009414369706064452,0.9933332800865172"
"96.0,0.0010966269765049213,0.991912603378296,0.0009739398956298828,0.9931046366691588"
"97.0,0.0010664516594260935,0.99213707447052,0.000954065821133554,0.993248701095581"
"98.0,0.00107718980871141,0.9920524954795836,0.0009921544697135683,0.9929999113082886"
"99.0,0.0010716536780819297,0.9921054840087892,0.001058769063092768,0.9925225377082824"
"100.0,0.0011203915346413849,0.9917386174201964,0.0009422333678230643,0.993330717086792"
"1.0,0.0736245214939117,0.4598226547241211,0.017060335725545876,0.8757259845733643"
"2.0,0.013977611437439927,0.8975749611854553,0.006143606267869472,0.9551436901092528"
"3.0,0.008003825321793548,0.9416306614875792,0.0053165727294981514,0.9609825611114502"
"4.0,0.0058155371807515534,0.9574952721595764,0.004184256773442029,0.969285249710083"
"5.0,0.004799610935151577,0.9649636149406432,0.0035655647516250593,0.973846673965454"
"6.0,0.00432714773342013,0.9684043526649476,0.0032099657692015167,0.9763928651809692"
"7.0,0.0037078575696796183,0.9728958606719972,0.0027862049173563684,0.9795311689376832"
"8.0,0.003152686404064297,0.9769760966300964,0.002385056344792248,0.9824965000152588"
"9.0,0.002679441589862109,0.980449378490448,0.0020298643503338094,0.9851162433624268"
"10.0,0.002378189470618962,0.9826695919036864,0.0018457456026226293,0.9864627122879028"
"11.0,0.0020980250556021955,0.9847189784049988,0.0016892639687284827,0.9875977635383606"
"12.0,0.0019384089391678574,0.9858412146568298,0.0015650395071133967,0.9885151982307434"
"13.0,0.0017875373596325525,0.9869778156280518,0.0014315906446427092,0.9894974827766418"
"14.0,0.0016380333108827476,0.9880395531654358,0.0013146060518920413,0.9903572797775269"
"15.0,0.0015088629443198442,0.9890034794807434,0.0012234683381393547,0.99101585149765"
"16.0,0.0013847802765667439,0.9898936152458192,0.001177861471660435,0.9913674592971802"
"17.0,0.0013478123582899555,0.9901615977287292,0.0012744920095428824,0.990652322769165"
"18.0,0.0012909749057143922,0.990583837032318,0.0010772985406219961,0.992094874382019"
"19.0,0.0012732016621157527,0.9907082319259644,0.0010503847151994703,0.9922873973846436"
"20.0,0.0012310859747231007,0.9910223484039308,0.0010411288822069766,0.9923542737960817"
"21.0,0.0012115625431761146,0.9911572337150574,0.0010161390528082845,0.9925302863121032"
"22.0,0.0011895811185240748,0.991312563419342,0.0010144395055249336,0.9925476908683776"
"23.0,0.0012011291692033408,0.991226851940155,0.001045511802658439,0.9923118948936462"
"24.0,0.0011615377152338624,0.9915192723274232,0.000994819914922118,0.992686927318573"
"25.0,0.0011796773178502917,0.9913923740386964,0.0009760442771948872,0.9928224086761476"
"26.0,0.0011544369626790307,0.991587221622467,0.000978440395556391,0.992808997631073"
"27.0,0.001189974020235241,0.9912891387939452,0.0009754945640452204,0.9928290843963624"
"28.0,0.0011394813191145654,0.991689383983612,0.00096944166580215,0.992874562740326"
"29.0,0.0011306912638247009,0.9917474389076232,0.0009888781933113928,0.9927310943603516"
"30.0,0.0011308199027553207,0.99174827337265,0.0009688854916021219,0.9928739070892334"
"31.0,0.0011484788265079256,0.9915944337844848,0.0009591571288183334,0.9929501414299012"
"32.0,0.0011709402315318584,0.9914424419403076,0.0010334159014746545,0.9924014210700988"
"33.0,0.001205019769258796,0.9911953806877136,0.0009848446352407336,0.992743730545044"
"34.0,0.0011412374442443252,0.9916555881500244,0.0009501696331426494,0.9930073618888856"
"35.0,0.0012010732898488628,0.9912188649177552,0.0010064556263387205,0.9925981163978576"
"36.0,0.0011201619636267424,0.9918030500411988,0.000976704643107951,0.9928131103515624"
"37.0,0.001207708031870423,0.9911971688270568,0.001025822944939137,0.9924553632736206"
"38.0,0.0011630697408691042,0.9914918541908264,0.0009887011256068943,0.9927182793617249"
"39.0,0.0011520995758473867,0.9915715456008912,0.0009634026791900394,0.9929095506668092"
"40.0,0.0011812918819487088,0.9913672208786012,0.0010754426475614307,0.9920983910560608"
"41.0,0.001157970516942442,0.9915644526481628,0.0009584517101757224,0.9929295778274536"
"42.0,0.0011216930579394098,0.9918057322502136,0.0009539446909911925,0.9929801225662231"
"43.0,0.0011199208674952396,0.9918076395988464,0.000965197279583662,0.992898404598236"
"44.0,0.0011930144391953945,0.9912586212158204,0.0009425141033716494,0.9930602312088012"
"45.0,0.0011154566891491409,0.9918568730354308,0.0009407717152498667,0.99307781457901"
"46.0,0.0010964834364131087,0.9919866919517516,0.000940774276386946,0.9930817484855652"
"47.0,0.0011245447676628835,0.991780698299408,0.0009957551956176751,0.9926693439483644"
"48.0,0.0011332790600135927,0.9917211532592772,0.0009552832343615592,0.9929816126823424"
"49.0,0.001079432084225118,0.9920924305915833,0.001077758031897247,0.992061734199524"
"50.0,0.0011630480876192444,0.9915232062339784,0.0010104876710101945,0.9925439357757568"
"51.0,0.0011040895478799941,0.9919300079345704,0.0009343769052065897,0.9931203126907348"
"52.0,0.0011192307574674485,0.9918236136436462,0.000947649765294046,0.9930293560028076"
"53.0,0.001109480974264443,0.99188494682312,0.0009443885064683849,0.9930577874183656"
"54.0,0.0010921985376626249,0.9920052289962769,0.0009318747324869038,0.9931381940841676"
"55.0,0.0011202462483197444,0.9918339252471924,0.0010312931844964621,0.9924287796020508"
"56.0,0.0011047788430005312,0.9919302463531494,0.0009309902670793237,0.9931519627571106"
"57.0,0.001080518472008407,0.9921124577522278,0.0009077420108951616,0.9933098554611206"
"58.0,0.0010636433726176615,0.9922211170196532,0.000930352020077407,0.9931641817092896"
"59.0,0.0010947833070531485,0.992010533809662,0.0009347890154458593,0.993119478225708"
"60.0,0.0011156554101035,0.9918477535247804,0.0009160522022284566,0.9932605028152466"
"61.0,0.001116046099923551,0.9918344020843506,0.0009000542922876776,0.993383288383484"
"62.0,0.001123774331063032,0.9917836785316468,0.000896810088306666,0.9934014081954956"
"63.0,0.001075344160199165,0.9921303987503052,0.0009246523259207595,0.99319988489151"
"64.0,0.001060072216205299,0.9922301769256592,0.000938188924919814,0.9930906295776368"
"65.0,0.0011033029295504095,0.9919314980506896,0.0008809642749838533,0.9935213923454284"
"66.0,0.0010654125362634663,0.992217183113098,0.0009286145213991405,0.993175208568573"
"67.0,0.001078946166671812,0.992109715938568,0.0009259855723939837,0.9931818842887878"
"68.0,0.0010611519683152424,0.9922369718551636,0.0009326895815320304,0.9931422472000122"
"69.0,0.0011694931890815494,0.99147629737854,0.0008881151443347335,0.9934673309326172"
"70.0,0.0010761561570689089,0.992132604122162,0.0008823355892673134,0.9935128688812256"
"71.0,0.0010895490413531657,0.992044985294342,0.0009114447748288512,0.9932996034622192"
"72.0,0.0010727529879659416,0.9921734929084778,0.0008889352902770039,0.9934624433517456"
"73.0,0.001103675924241543,0.9919297695159912,0.0009673965396359561,0.9929167628288268"
"74.0,0.0010735277319326992,0.992161512374878,0.0009411532082594925,0.9930895566940308"
"75.0,0.001041012583300472,0.992395520210266,0.0009136124863289287,0.9932892918586732"
"76.0,0.0010221236152574413,0.9925280809402466,0.0009439718560315664,0.9930588603019714"
"77.0,0.0010233144275844097,0.992511749267578,0.00086690136231482,0.9936261773109436"
"78.0,0.0010295135434716942,0.9924849271774292,0.000930959067773074,0.9931475520133972"
"79.0,0.001102775800973177,0.991942822933197,0.000913146883249283,0.9932876229286194"
"80.0,0.001023238524794579,0.9925224781036376,0.0009012211812660102,0.9933911561965942"
"81.0,0.0010612441692501294,0.9922659397125244,0.0008783785160630948,0.9935407638549804"
"82.0,0.0010336416307836769,0.992437779903412,0.00088757259072736,0.9934751987457277"
"83.0,0.0010568659054115415,0.9922663569450378,0.0010909958509728317,0.9920132756233216"
"84.0,0.0011110019404441114,0.9918736219406128,0.0009481310262344765,0.9930604100227356"
"85.0,0.001034979824908078,0.9924399256706238,0.0008590676006861033,0.9936890006065368"
"86.0,0.0010237772949039927,0.9925101399421692,0.0008930515032261608,0.993439555168152"
"87.0,0.0010920260101556767,0.99201762676239,0.0008509190520271662,0.9937530159950256"
"88.0,0.0010181796969845893,0.992558777332306,0.000887105357833206,0.9934805631637572"
"89.0,0.0010237885871902104,0.9925171732902528,0.0010496207978576413,0.9923083782196044"
"90.0,0.0010307272896170614,0.992462396621704,0.000886740221176296,0.9934813380241394"
"91.0,0.00102394341956824,0.9925278425216676,0.0008523781434632832,0.9937434792518616"
"92.0,0.0010338404681533575,0.9924432039260864,0.0008597671985626223,0.9936851859092712"
"93.0,0.0010461644269526005,0.9923628568649292,0.0008937395177781586,0.993444561958313"
"94.0,0.0010221963748335843,0.9925330281257628,0.0008589979843236509,0.993688702583313"
"95.0,0.0010472977301105857,0.9923382997512816,0.0008716506999917325,0.993586242198944"
"96.0,0.0010437534656375653,0.9923782348632812,0.0008520239498466252,0.9937314987182616"
"97.0,0.0010334660764783612,0.992438018321991,0.0009445283212698998,0.9930474162101746"
"98.0,0.0010190068278461697,0.9925433397293092,0.0009134041029028596,0.9932673573493958"
"99.0,0.0010645018192008133,0.992232620716095,0.0008491542539559318,0.9937678575515748"
"100.0,0.0010297328699380157,0.9924757480621338,0.0009404273587279022,0.9930960536003112"
"1.0,0.07240527123212812,0.4619749784469604,0.016371510922908783,0.8829517960548401"
"2.0,0.014635213650763038,0.8929875493049622,0.007050460670143376,0.9496337175369264"
"3.0,0.00849385373294355,0.9375223517417908,0.005561714526265856,0.9600389003753662"
"4.0,0.00655552605167031,0.9517695903778076,0.004413194954395293,0.9683573842048644"
"5.0,0.0050000986084341986,0.9632040858268738,0.0037453363183885756,0.9731572270393372"
"6.0,0.004211200401186941,0.969010889530182,0.0032635023817420023,0.9765872955322266"
"7.0,0.003604742931202055,0.9735314249992372,0.002988380845636131,0.9785664677619934"
"8.0,0.003327000886201858,0.9755070209503174,0.002736384049057961,0.980367124080658"
"9.0,0.0030863536521792403,0.9773176908493042,0.002549109281972049,0.981718361377716"
"10.0,0.0027870018966496004,0.979528546333313,0.002396633848547935,0.9828124642372132"
"11.0,0.002569411415606737,0.9811301827430724,0.002190733328461647,0.9842889308929444"
"12.0,0.0023294049315154544,0.9829018115997314,0.00199362845160067,0.9857109785079956"
"13.0,0.002103646053001285,0.9845635294914246,0.0018605308141559373,0.9866639375686646"
"14.0,0.0019971246365457778,0.9853579998016356,0.0017041701357811702,0.9877888560295104"
"15.0,0.001837748102843762,0.9865395426750184,0.0016049870755523443,0.9884999394416808"
"16.0,0.0017313514836132535,0.987273097038269,0.0015479942085221425,0.9889037609100342"
"17.0,0.0016603269614279264,0.9878267645835876,0.0014975187368690963,0.9892723560333252"
"18.0,0.0015812303172424423,0.988403022289276,0.0014358599437400703,0.9897074103355408"
"19.0,0.0015165571821853523,0.9888824820518494,0.0013612114125862713,0.990244448184967"
"20.0,0.0014553933870047318,0.9893035888671876,0.0013236175291240215,0.990513563156128"
"21.0,0.0014462231192737822,0.9893653392791748,0.0012983828783035278,0.990695297718048"
"22.0,0.0014397099148482084,0.9894182682037354,0.0012820569099858399,0.9908128380775452"
"23.0,0.0014140723505988721,0.9896225333213806,0.001265633734874428,0.990926206111908"
"24.0,0.0013979340437799696,0.9897490739822388,0.0013543122913688426,0.9902986884117126"
"25.0,0.0014095871010795233,0.9896516799926758,0.0012504174374043937,0.991036295890808"
"26.0,0.0013854467542842035,0.989842653274536,0.0012632678262889387,0.9909444451332092"
"27.0,0.0013829725794494152,0.9898631572723388,0.0012532762484624978,0.9910109639167786"
"28.0,0.0013390041422098856,0.9901716709136964,0.001255146693438293,0.99100524187088"
"29.0,0.0013683635042980298,0.9899606704711914,0.0012229209532961236,0.9912319183349608"
"30.0,0.0013895349111407995,0.9898221492767334,0.001301266252994538,0.9906766414642334"
"31.0,0.001404880313202739,0.9897012710571288,0.001214567688293755,0.9912888407707214"
"32.0,0.00132025987841189,0.9903036952018738,0.0012020887807011596,0.9913815259933472"
"33.0,0.0013295505195856097,0.9902355670928956,0.0012688884744420648,0.990922510623932"
"34.0,0.0013340989826247074,0.990204095840454,0.0011806316906586292,0.991532027721405"
"35.0,0.0013251941418275241,0.9902803897857666,0.0011695725843310356,0.9916111826896667"
"36.0,0.0013347206404432654,0.9902083277702332,0.001206016982905567,0.991361916065216"
"37.0,0.00131839094683528,0.9903172254562378,0.00123860570602119,0.991117775440216"
"38.0,0.0013139968505129218,0.9903408885002136,0.0012194521259516484,0.99125075340271"
"39.0,0.0013030603295192118,0.9904519319534302,0.001168331131339073,0.9916268587112428"
"40.0,0.0013225127477198835,0.990284264087677,0.0012130573159083724,0.9913105368614196"
"41.0,0.0013019131729379298,0.9904531836509703,0.00117653759662062,0.9915646314620972"
"42.0,0.0013028786052018406,0.9904192686080932,0.0012086156057193867,0.9913418889045716"
"43.0,0.0012960535241290923,0.990488588809967,0.001471394672989846,0.9894641041755676"
"44.0,0.0013272685464471579,0.990245282649994,0.0012231169966980815,0.9912219643592834"
"45.0,0.0012879649875685575,0.990544319152832,0.001201899489387868,0.9913793206214904"
"46.0,0.001324143027886748,0.990295112133026,0.0011799910571426153,0.9915332794189452"
"47.0,0.0013178416993468998,0.9903125762939452,0.001193039235658944,0.9914479851722716"
"48.0,0.0012932473327964544,0.9905237555503844,0.0012924220645800233,0.9907458424568176"
"49.0,0.0013340119039639826,0.9901903867721558,0.0011478853411972516,0.9917681217193604"
"50.0,0.0012772579211741682,0.990621030330658,0.0011215250706300133,0.991959273815155"
"51.0,0.0012594697764143343,0.9907455444335938,0.0012626672396436325,0.9909390211105348"
"52.0,0.0013507916592061517,0.9900793433189392,0.0011471662437543275,0.9917715787887572"
"53.0,0.001279889256693422,0.9906075596809388,0.0012084721820428967,0.9913358688354492"
"54.0,0.0012914158869534714,0.9905075430870056,0.0012566815130412583,0.9909861087799072"
"55.0,0.0012884042225778103,0.990549385547638,0.0011224335758015492,0.9919482469558716"
"56.0,0.0012985987123101954,0.9904375076293944,0.001139338826760651,0.9918270111083984"
"57.0,0.0012821103446185589,0.9905886054039,0.001154795987531541,0.9917125701904296"
"58.0,0.0012686807895079246,0.9906617403030396,0.00114911946002394,0.9917535781860352"
"59.0,0.0013178460067138076,0.9903236031532288,0.0011305015068501228,0.9918889999389648"
"60.0,0.001301323063671589,0.9904229044914246,0.0011396555928513397,0.9918246865272522"
"61.0,0.0012295864289626477,0.990947425365448,0.0010666172020137317,0.9923452734947203"
"62.0,0.0012288109865039587,0.9909741282463074,0.0010584089905023568,0.9924099445343018"
"63.0,0.0011852405732497573,0.9913138151168824,0.0010487870313227174,0.9924719929695128"
"64.0,0.0011978191323578364,0.9911872148513794,0.001038657617755234,0.9925418496131896"
"65.0,0.0011644556652754543,0.9914477467536926,0.0010331519879400732,0.9925892949104308"
"66.0,0.0012397738173604007,0.9908812046051024,0.0011487628798931841,0.991749346256256"
"67.0,0.0011766252573579543,0.9913451075553894,0.0010465986561030143,0.9924854636192322"
"68.0,0.001205982640385627,0.9911413192749025,0.0016289320774376397,0.9883169531822203"
"69.0,0.0012172164861112835,0.991053342819214,0.001075706677511334,0.9922919869422911"
"70.0,0.0011977744288742544,0.9911937713623048,0.0010123107349500058,0.9927343726158142"
"71.0,0.0011594342067837717,0.9914832711219788,0.0010058918269351118,0.9927817583084106"
"72.0,0.0011931891785934567,0.9912369847297668,0.0010091325966641303,0.9927553534507751"
"73.0,0.0011694133281707764,0.9914010167121888,0.0010116130579262968,0.9927400946617126"
"74.0,0.00119120697490871,0.9912391304969788,0.0010075956815853698,0.9927735924720764"
"75.0,0.001176676363684238,0.9913572669029236,0.0009991661645472043,0.9928355813026428"
"76.0,0.0011763374786823992,0.9913272857666016,0.0010464185616001474,0.992487907409668"
"77.0,0.0011453059269115324,0.9915879368782043,0.0010145232081413256,0.9927189350128174"
"78.0,0.0011571286013349871,0.9914988279342652,0.001003967481665313,0.9927924275398254"
"79.0,0.0011668166844174262,0.9914258122444152,0.0010934312595054507,0.9921651482582092"
"80.0,0.0011791884899139402,0.9913275837898254,0.0009913144167512653,0.9928889870643616"
"81.0,0.0011197559069842098,0.991777002811432,0.0009971663821488617,0.9928425550460817"
"82.0,0.0011487412266433226,0.9915719628334044,0.0010309444041922688,0.9925985336303712"
"83.0,0.001151857897639275,0.9915538430213928,0.0010113723110407593,0.9927489757537842"
"84.0,0.0011591126676648849,0.9914843440055848,0.0010075378231704237,0.9927728176116944"
"85.0,0.0011540279956534524,0.9915030598640442,0.0011106793535873316,0.9920517802238464"
"86.0,0.0011636925628408783,0.9914554953575134,0.0011436612112447624,0.9917982816696168"
"87.0,0.0011614195536822085,0.9914629459381104,0.000979405012913048,0.9929723739624025"
"88.0,0.0011208580108359454,0.9917505979537964,0.0010029663098976016,0.9928019046783448"
"89.0,0.0011294545838609333,0.9916943311691284,0.000987717648968101,0.9929144382476808"
"90.0,0.0011480374960228799,0.9915744066238404,0.0013136023189872514,0.9905697703361512"
"91.0,0.001165358582511544,0.9914490580558776,0.0010215449146926386,0.992669641971588"
"92.0,0.0011641462333500377,0.9914438724517822,0.0010980002116411911,0.9921380281448364"
"93.0,0.0011666851351037624,0.9914265871047974,0.0009922815952450035,0.992877960205078"
"94.0,0.001131827128119767,0.9916887283325196,0.0009915098780766123,0.99288409948349"
"95.0,0.0011234310222789645,0.9917492270469666,0.0009813960641622535,0.992956817150116"
"96.0,0.0011570733040571206,0.9915025234222412,0.0010557041969150303,0.9924187064170836"
"97.0,0.0011304282816126947,0.99168598651886,0.0010144909610971802,0.9927276968955994"
"98.0,0.001114857732318341,0.991802215576172,0.0010822014883160591,0.9922338128089904"
"99.0,0.0011611005757004027,0.991459310054779,0.001016136142425239,0.9927075505256652"
"100.0,0.0011136513203382496,0.991827130317688,0.0010060433996841305,0.9927718043327332"
"1.0,0.06944628059864046,0.4909552931785583,0.01565582305192949,0.8797605037689209"
"2.0,0.014124006964266307,0.8977488279342651,0.008538501337170597,0.9349526166915894"
"3.0,0.00808263383805752,0.9414944052696228,0.004735542461276054,0.9637564420700072"
"4.0,0.00592734012752771,0.9571129679679872,0.0038893537130206836,0.9702394008636476"
"5.0,0.004623193759471179,0.9665212631225586,0.0032786312513053413,0.97492778301239"
"6.0,0.0038967367727309483,0.9717875719070436,0.002886936301365493,0.9779291152954102"
"7.0,0.003417392261326312,0.9752286076545716,0.002545324619859457,0.9805081486701964"
"8.0,0.0030568940564990057,0.977879285812378,0.0023066345602273932,0.982321321964264"
"9.0,0.0026044060941785583,0.981154203414917,0.002009227871894838,0.9846283793449402"
"10.0,0.0022930593695491552,0.9834851026535034,0.0017813895829021935,0.9863800406455994"
"11.0,0.002073958050459624,0.9850899577140808,0.00155429309234023,0.9881231784820556"
"12.0,0.0018299814546480766,0.9867966771125792,0.0014824196696281433,0.9886753559112548"
"13.0,0.001683592330664397,0.9878417253494264,0.0013441630871966483,0.98973149061203"
"14.0,0.0015440785791724916,0.9888567328453064,0.001267063315026462,0.9903173446655272"
"15.0,0.0014824132667854446,0.9892967939376832,0.0012062779860571007,0.9907748699188232"
"16.0,0.0014444754924625156,0.9895654320716858,0.001218574354425073,0.9906794428825378"
"17.0,0.00140354665927589,0.9898657202720642,0.0011347697582095861,0.991316556930542"
"18.0,0.001404032576829195,0.989858329296112,0.0012198300100862971,0.99068284034729"
"19.0,0.0013406190555542716,0.9903044104576112,0.0011192568344995388,0.9914274215698242"
"20.0,0.0013059809571132064,0.9905441999435424,0.0010659734252840276,0.9918406009674072"
"21.0,0.001291197491809724,0.9906636476516724,0.0010603325208649044,0.9918790459632874"
"22.0,0.0012919654836878185,0.9906790852546692,0.0010390022071078428,0.9920480251312256"
"23.0,0.0012561045587062834,0.990924835205078,0.0010320823639631276,0.9921023845672609"
"24.0,0.0012414333177730441,0.9910296201705932,0.0010018353350460523,0.9923335313796996"
"25.0,0.001216145348735154,0.991211235523224,0.0009941951138898737,0.9923864006996156"
"26.0,0.0012279223883524541,0.991124153137207,0.0010139811784029005,0.9922293424606324"
"27.0,0.0012106948997825382,0.9912431240081788,0.000976921757683158,0.9925155639648438"
"28.0,0.001222042366862297,0.9911693930625916,0.000982366036623716,0.9924749732017516"
"29.0,0.0012174216099083432,0.9912166595458984,0.0009745987481437625,0.9925286173820496"
"30.0,0.0012300983071327212,0.9911086559295654,0.0010048710973933337,0.9923057556152344"
"31.0,0.001204938744194805,0.9912827014923096,0.0009575538570061318,0.9926628470420836"
"32.0,0.0012193404836580157,0.9911864399909972,0.0010552224703133115,0.9919204711914062"
"33.0,0.0011896794894710187,0.9914013743400574,0.0009515587589703501,0.992709457874298"
"34.0,0.0012068394571542733,0.991281807422638,0.0009692108724266291,0.9925760626792908"
"35.0,0.0011706823715940116,0.9915176033973694,0.0009528314694762231,0.9927021861076356"
"36.0,0.0012516288552433263,0.9909730553627014,0.0009970883838832376,0.99234938621521"
"37.0,0.001213617390021681,0.9912279844284058,0.0009502150933258233,0.992716908454895"
"38.0,0.0011695920256897807,0.991541862487793,0.000954495510086417,0.9926887154579164"
"39.0,0.001233800780028105,0.9910861253738404,0.0010272944346070285,0.992156147956848"
"40.0,0.0012141541810706262,0.9912411570549012,0.0009512119577266267,0.9927127361297609"
"41.0,0.0011833689641207454,0.9914395213127136,0.0009500802261754857,0.9927184581756592"
"42.0,0.0011844784021377568,0.991418182849884,0.0009983830386772754,0.9923500418663024"
"43.0,0.001170080038718881,0.991535186767578,0.0009717930806800721,0.992563247680664"
"44.0,0.0012264817487448454,0.9911319017410278,0.000952450092881918,0.9927033185958862"
"45.0,0.0011736664455384007,0.9915251135826112,0.0009804483270272606,0.9925041198730468"
"46.0,0.0012145630316808822,0.9912102818489076,0.0009522110340185465,0.992699921131134"
"47.0,0.0012095045531168587,0.991273045539856,0.0009480530279688532,0.9927437901496888"
"48.0,0.0012030063662678003,0.9913026094436646,0.00097330508287996,0.9925457835197448"
"49.0,0.0011990331113338477,0.9913207292556764,0.0009426226024515934,0.992781937122345"
"50.0,0.00117578823119402,0.991486132144928,0.0009364116704091434,0.9928259253501892"
"51.0,0.001205669133923948,0.9912497401237488,0.0009676176705397666,0.9925787448883056"
"52.0,0.0011893271002918488,0.991378366947174,0.0009311008034273982,0.9928692579269408"
"53.0,0.0011620768345892438,0.9915846586227416,0.001132503035478294,0.9913526177406312"
"54.0,0.0011911790352314715,0.991398274898529,0.0009521516622044147,0.992711067199707"
"55.0,0.0011781664798036216,0.9914846420288086,0.0009724565898068242,0.9925437569618224"
"56.0,0.0012144763022661213,0.991205096244812,0.000917788769584149,0.9929665327072144"
"57.0,0.0011869381414726385,0.991424798965454,0.0009687152924016118,0.9925777912139891"
"58.0,0.001201284932903945,0.9913188219070436,0.0009624924859963356,0.992623209953308"
"59.0,0.0012183424551039938,0.9911990761756896,0.0011112710926681761,0.9914879202842712"
"60.0,0.0011816711630672212,0.9914223551750184,0.0009146941010840233,0.9929881691932678"
"61.0,0.0012269803555682295,0.9911313652992249,0.0009338270174339411,0.992838740348816"
"62.0,0.0011667968938127156,0.9915462136268616,0.001058963127434254,0.9919124245643616"
"63.0,0.0011309734545648098,0.9918184280395508,0.0009622864308767027,0.9926350712776184"
"64.0,0.001133972313255072,0.9917988181114196,0.0009195122402161357,0.9929533004760742"
"65.0,0.0011746970703825346,0.9915069937705994,0.0009230824070982636,0.9929261803627014"
"66.0,0.0011466772994026537,0.991705358028412,0.0009884935570880769,0.9924195408821106"
"67.0,0.0011696292785927651,0.9915243983268738,0.0013851691037416462,0.9895241260528564"
"68.0,0.0012132639531046122,0.9912329912185668,0.0009314968483522535,0.9928618669509888"
"69.0,0.0011717256857082263,0.9915045499801636,0.0009146798984147609,0.9929935932159424"
"70.0,0.0011400096118450158,0.9917418956756592,0.0009359933319501561,0.9928262233734132"
"71.0,0.001172263757325711,0.9915080666542052,0.0009656450129114096,0.9926076531410216"
"72.0,0.001160757732577621,0.9915884733200072,0.0010327360359951847,0.9920862913131714"
"73.0,0.001177374855615198,0.9914793372154236,0.0009221616783179338,0.992936670780182"
"74.0,0.0011671375250443814,0.9915763139724731,0.0009116773726418608,0.9930174350738524"
"75.0,0.0011617834679782393,0.9916157126426696,0.0009153478895314033,0.9929875135421752"
"76.0,0.0011692435946315531,0.991525948047638,0.000980525277554989,0.9924830198287964"
"77.0,0.0011413248721510165,0.9917542338371276,0.0011715377913787955,0.9910797476768494"
"78.0,0.001185446395538747,0.9914381504058838,0.000918555830139666,0.9929592609405518"
"79.0,0.0011323397047817703,0.9918003082275392,0.000949864683207125,0.99271559715271"
"80.0,0.0011202114401385177,0.9918859004974364,0.00089170876890421,0.993154227733612"
"81.0,0.0011312286369502547,0.9918248057365416,0.000873692682944238,0.993296205997467"
"82.0,0.0011215044651180495,0.9918771386146544,0.0008616296108812094,0.9933854341506958"
"83.0,0.0010968069545924661,0.9920600056648254,0.0008774013840593402,0.9932754039764404"
"84.0,0.0011285536456853156,0.9918444156646729,0.0008824279066175229,0.9932230710983276"
"85.0,0.0011131078936159606,0.9919308423995972,0.0008676454308442773,0.9933392405509948"
"86.0,0.0011045270366594195,0.9919912815093994,0.000856124621350318,0.9934312105178832"
"87.0,0.0011002689134329562,0.9920473098754884,0.0009082420729100703,0.9930460453033448"
"88.0,0.0011249587405473003,0.9918529987335204,0.0008423904655501253,0.993534505367279"
"89.0,0.0010587857104837897,0.9923287630081176,0.0008438335498794909,0.99353289604187"
"90.0,0.0010940717766061419,0.9920822978019714,0.0008410252630710604,0.9935523271560668"
"91.0,0.0010864962823688982,0.9921371936798096,0.0008901812834665177,0.9931712746620178"
"92.0,0.0010713879019021988,0.9922369718551636,0.0009629103005863721,0.9926156997680664"
"93.0,0.0010701200226321814,0.9922481179237366,0.000869819603394717,0.9933322072029114"
"94.0,0.0010842120973393315,0.9921704530715942,0.001154485275037587,0.9911903738975524"
"95.0,0.0011316841701045639,0.9918386936187744,0.0009521131869405515,0.9927336573600768"
"96.0,0.001095064100809395,0.9920662641525269,0.0008768512052483852,0.993266761302948"
"97.0,0.0010813075350597507,0.99217426776886,0.0009316662908531726,0.992889642715454"
"98.0,0.0011133486405014996,0.9919501543045044,0.0009129016543738543,0.9930115938186646"
"99.0,0.0010890426347032187,0.9921457767486572,0.0008456003270111985,0.9935137629508972"
"100.0,0.0010824761120602489,0.9921606779098512,0.0008683971245773136,0.993327021598816"
