TIME,A1,A2,A3,A4,A5,A6,A7,A8,A9,A10,A11,A12,B1,B2,B3,B4,B5,B6,B7,B8,B9,B10,B11,B12,C1,C2,C3,C4,C5,C6,C7,C8,C9,C10,C11,C12,D1,D2,D3,D4,D5,D6,D7,D8,D9,D10,D11,D12,E1,E2,E3,E4,E5,E6,E7,E8,E9,E10,E11,E12,F1,F2,F3,F4,F5,F6,F7,F8,F9,F10,F11,F12,G1,G2,G3,G4,G5,G6,G7,G8,G9,G10,G11,G12,H1,H2,H3,H4,H5,H6,H7,H8,H9,H10,H11,H12
0,0.082,0.086,0.082,0.083,0.083,0.085,0.083,0.081,0.082,0.084,0.086,0.082,0.082,0.082,0.082,0.083,0.083,0.084,0.082,0.083,0.084,0.083,0.083,0.083,0.081,0.084,0.082,0.09,0.085,0.081,0.081,0.082,0.083,0.082,0.084,0.083,0.085,0.092,0.087,0.088,0.09,0.087,0.08,0.104,0.083,0.085,0.082,0.083,0.082,0.084,0.08,0.085,0.084,0.085,0.081,0.082,0.083,0.086,0.082,0.082,0.082,0.086,0.081,0.086,0.083,0.081,0.081,0.082,0.084,0.087,0.084,0.085,0.084,0.083,0.081,0.092,0.082,0.083,0.082,0.084,0.085,0.084,0.083,0.082,0.08,0.081,0.082,0.083,0.084,0.089,0.081,0.095,0.087,0.087,0.086,0.084
0.166666667,0.083,0.084,0.081,0.084,0.084,0.085,0.082,0.081,0.084,0.085,0.086,0.083,0.082,0.083,0.082,0.083,0.083,0.083,0.082,0.083,0.084,0.083,0.084,0.082,0.081,0.084,0.084,0.092,0.085,0.081,0.081,0.082,0.083,0.082,0.084,0.083,0.083,0.095,0.095,0.088,0.097,0.086,0.08,0.107,0.084,0.085,0.082,0.083,0.082,0.083,0.08,0.087,0.084,0.085,0.081,0.082,0.084,0.086,0.082,0.082,0.082,0.083,0.082,0.085,0.083,0.081,0.081,0.082,0.085,0.088,0.085,0.086,0.084,0.083,0.081,0.092,0.082,0.083,0.081,0.084,0.085,0.084,0.083,0.082,0.08,0.081,0.082,0.083,0.084,0.089,0.081,0.095,0.087,0.087,0.089,0.082
0.333333333,0.083,0.085,0.081,0.084,0.084,0.085,0.082,0.081,0.084,0.085,0.086,0.083,0.083,0.084,0.082,0.083,0.083,0.083,0.082,0.083,0.085,0.083,0.085,0.082,0.081,0.084,0.083,0.09,0.087,0.082,0.081,0.082,0.083,0.083,0.084,0.083,0.084,0.099,0.098,0.088,0.1,0.087,0.081,0.108,0.084,0.086,0.082,0.082,0.082,0.084,0.08,0.086,0.084,0.087,0.081,0.082,0.084,0.086,0.082,0.082,0.082,0.083,0.082,0.085,0.082,0.081,0.081,0.082,0.085,0.09,0.085,0.085,0.086,0.083,0.081,0.092,0.082,0.083,0.08,0.084,0.085,0.084,0.083,0.082,0.08,0.081,0.082,0.083,0.085,0.088,0.081,0.095,0.087,0.087,0.089,0.082
0.5,0.083,0.085,0.081,0.084,0.084,0.086,0.082,0.082,0.084,0.086,0.086,0.083,0.083,0.083,0.082,0.083,0.083,0.084,0.082,0.083,0.085,0.083,0.086,0.082,0.081,0.084,0.082,0.09,0.087,0.082,0.081,0.082,0.083,0.083,0.085,0.083,0.084,0.101,0.1,0.089,0.101,0.087,0.081,0.111,0.084,0.087,0.082,0.083,0.082,0.083,0.081,0.086,0.085,0.088,0.081,0.082,0.084,0.086,0.082,0.082,0.082,0.084,0.081,0.085,0.083,0.081,0.081,0.082,0.085,0.091,0.085,0.085,0.086,0.084,0.081,0.093,0.082,0.083,0.081,0.084,0.086,0.084,0.083,0.082,0.08,0.081,0.083,0.083,0.085,0.088,0.081,0.095,0.088,0.087,0.089,0.082
0.666666667,0.083,0.086,0.081,0.085,0.085,0.086,0.082,0.082,0.084,0.086,0.087,0.083,0.084,0.084,0.082,0.084,0.083,0.084,0.083,0.083,0.085,0.084,0.086,0.083,0.081,0.084,0.082,0.091,0.087,0.082,0.081,0.081,0.084,0.083,0.085,0.083,0.084,0.102,0.103,0.09,0.102,0.088,0.08,0.115,0.085,0.089,0.082,0.083,0.082,0.084,0.08,0.086,0.084,0.088,0.081,0.082,0.084,0.086,0.083,0.082,0.082,0.083,0.081,0.086,0.082,0.081,0.081,0.083,0.086,0.091,0.085,0.086,0.086,0.084,0.081,0.093,0.082,0.083,0.081,0.084,0.085,0.084,0.083,0.082,0.08,0.081,0.083,0.084,0.085,0.088,0.081,0.095,0.088,0.088,0.089,0.082
0.833333333,0.083,0.086,0.081,0.085,0.086,0.086,0.082,0.082,0.085,0.086,0.087,0.083,0.084,0.084,0.082,0.085,0.084,0.084,0.083,0.083,0.085,0.084,0.086,0.083,0.081,0.085,0.082,0.093,0.087,0.083,0.081,0.082,0.084,0.083,0.085,0.083,0.084,0.099,0.104,0.09,0.104,0.09,0.08,0.116,0.085,0.089,0.083,0.083,0.082,0.084,0.081,0.087,0.085,0.088,0.082,0.082,0.084,0.086,0.083,0.082,0.082,0.083,0.082,0.086,0.083,0.081,0.081,0.083,0.086,0.09,0.086,0.086,0.087,0.084,0.081,0.093,0.082,0.083,0.081,0.084,0.086,0.084,0.083,0.082,0.081,0.082,0.083,0.084,0.086,0.088,0.082,0.095,0.088,0.089,0.089,0.082
1,0.083,0.086,0.081,0.086,0.085,0.087,0.082,0.082,0.085,0.086,0.087,0.083,0.084,0.084,0.082,0.084,0.084,0.084,0.083,0.083,0.085,0.084,0.086,0.083,0.081,0.085,0.083,0.092,0.088,0.083,0.081,0.082,0.084,0.083,0.085,0.083,0.084,0.098,0.105,0.092,0.106,0.09,0.08,0.117,0.085,0.089,0.083,0.083,0.082,0.086,0.081,0.087,0.085,0.087,0.082,0.083,0.084,0.087,0.083,0.082,0.082,0.084,0.082,0.085,0.083,0.081,0.081,0.083,0.086,0.091,0.086,0.086,0.087,0.085,0.081,0.093,0.082,0.084,0.081,0.084,0.085,0.084,0.083,0.082,0.08,0.082,0.083,0.084,0.086,0.088,0.082,0.096,0.088,0.089,0.09,0.082
1.166666667,0.083,0.087,0.082,0.086,0.086,0.087,0.082,0.082,0.085,0.086,0.087,0.083,0.082,0.085,0.082,0.084,0.084,0.084,0.083,0.083,0.086,0.084,0.086,0.083,0.081,0.085,0.082,0.092,0.088,0.083,0.081,0.082,0.084,0.084,0.085,0.083,0.084,0.099,0.106,0.094,0.107,0.09,0.08,0.119,0.085,0.088,0.083,0.083,0.082,0.084,0.081,0.087,0.085,0.087,0.081,0.082,0.084,0.086,0.083,0.082,0.082,0.084,0.082,0.086,0.083,0.082,0.081,0.082,0.086,0.092,0.086,0.086,0.086,0.085,0.081,0.093,0.082,0.084,0.081,0.084,0.086,0.085,0.083,0.082,0.081,0.082,0.083,0.084,0.086,0.089,0.082,0.096,0.089,0.09,0.09,0.082
1.333333333,0.083,0.087,0.082,0.086,0.086,0.087,0.083,0.082,0.085,0.087,0.087,0.083,0.084,0.085,0.082,0.085,0.084,0.085,0.083,0.084,0.086,0.084,0.086,0.083,0.081,0.085,0.083,0.091,0.086,0.083,0.081,0.082,0.084,0.084,0.085,0.082,0.084,0.1,0.107,0.094,0.11,0.09,0.08,0.121,0.085,0.087,0.083,0.083,0.082,0.085,0.08,0.087,0.085,0.085,0.081,0.082,0.085,0.087,0.083,0.082,0.082,0.084,0.082,0.086,0.083,0.081,0.081,0.082,0.086,0.094,0.086,0.086,0.086,0.085,0.081,0.094,0.083,0.084,0.081,0.084,0.086,0.085,0.083,0.083,0.08,0.082,0.083,0.084,0.086,0.088,0.081,0.095,0.089,0.09,0.09,0.082
1.5,0.083,0.087,0.081,0.086,0.086,0.088,0.082,0.082,0.085,0.087,0.088,0.082,0.085,0.085,0.082,0.085,0.084,0.086,0.082,0.083,0.086,0.084,0.086,0.083,0.081,0.085,0.082,0.093,0.088,0.083,0.081,0.082,0.084,0.084,0.085,0.083,0.084,0.102,0.109,0.094,0.112,0.091,0.08,0.124,0.085,0.087,0.083,0.083,0.082,0.085,0.081,0.087,0.086,0.085,0.081,0.083,0.085,0.087,0.083,0.082,0.081,0.088,0.082,0.086,0.083,0.081,0.081,0.082,0.087,0.09,0.086,0.086,0.086,0.085,0.081,0.093,0.083,0.084,0.081,0.084,0.086,0.085,0.083,0.082,0.08,0.082,0.083,0.084,0.087,0.089,0.081,0.096,0.089,0.091,0.09,0.082
1.666666667,0.083,0.088,0.082,0.087,0.087,0.088,0.083,0.082,0.086,0.087,0.088,0.083,0.083,0.085,0.082,0.084,0.084,0.085,0.083,0.084,0.086,0.084,0.086,0.083,0.081,0.086,0.085,0.092,0.088,0.083,0.081,0.082,0.085,0.084,0.085,0.083,0.084,0.104,0.112,0.096,0.115,0.092,0.08,0.126,0.086,0.088,0.083,0.083,0.082,0.085,0.081,0.088,0.086,0.088,0.081,0.082,0.085,0.087,0.083,0.082,0.082,0.084,0.082,0.087,0.083,0.082,0.081,0.082,0.087,0.091,0.086,0.086,0.086,0.085,0.081,0.093,0.083,0.084,0.081,0.084,0.086,0.085,0.083,0.083,0.08,0.082,0.083,0.085,0.087,0.09,0.081,0.096,0.089,0.091,0.09,0.082
1.833333333,0.083,0.088,0.082,0.087,0.088,0.089,0.083,0.082,0.086,0.088,0.088,0.083,0.083,0.084,0.082,0.084,0.085,0.086,0.083,0.084,0.086,0.085,0.087,0.083,0.081,0.086,0.085,0.093,0.09,0.084,0.081,0.082,0.085,0.085,0.085,0.083,0.084,0.107,0.115,0.098,0.118,0.094,0.081,0.129,0.086,0.089,0.083,0.083,0.082,0.086,0.081,0.088,0.087,0.087,0.082,0.083,0.086,0.088,0.083,0.082,0.082,0.089,0.082,0.086,0.083,0.082,0.081,0.083,0.087,0.094,0.087,0.086,0.086,0.085,0.082,0.093,0.084,0.085,0.081,0.085,0.087,0.086,0.083,0.083,0.081,0.082,0.083,0.085,0.088,0.09,0.082,0.096,0.09,0.092,0.09,0.082
2,0.083,0.089,0.082,0.088,0.088,0.089,0.083,0.082,0.086,0.088,0.088,0.083,0.084,0.085,0.082,0.085,0.085,0.086,0.083,0.084,0.087,0.085,0.086,0.083,0.081,0.086,0.082,0.092,0.088,0.084,0.081,0.082,0.085,0.085,0.085,0.083,0.084,0.109,0.117,0.099,0.122,0.094,0.081,0.132,0.086,0.089,0.083,0.083,0.082,0.086,0.081,0.088,0.087,0.088,0.082,0.083,0.086,0.088,0.083,0.082,0.082,0.085,0.082,0.087,0.084,0.082,0.081,0.083,0.088,0.094,0.087,0.086,0.087,0.085,0.082,0.093,0.084,0.085,0.081,0.084,0.087,0.086,0.083,0.083,0.081,0.082,0.083,0.085,0.088,0.09,0.082,0.096,0.09,0.092,0.09,0.082
2.166666667,0.083,0.089,0.082,0.088,0.088,0.09,0.083,0.082,0.086,0.088,0.088,0.083,0.082,0.086,0.082,0.085,0.085,0.086,0.083,0.084,0.087,0.085,0.086,0.083,0.081,0.086,0.085,0.093,0.089,0.084,0.081,0.082,0.085,0.085,0.085,0.083,0.084,0.112,0.12,0.101,0.126,0.095,0.081,0.135,0.087,0.09,0.083,0.083,0.082,0.087,0.081,0.088,0.088,0.088,0.082,0.083,0.086,0.089,0.083,0.082,0.082,0.087,0.082,0.087,0.084,0.082,0.081,0.082,0.088,0.094,0.087,0.086,0.086,0.086,0.082,0.093,0.084,0.085,0.081,0.085,0.087,0.086,0.083,0.083,0.081,0.083,0.083,0.086,0.088,0.09,0.082,0.096,0.09,0.093,0.09,0.082
2.333333333,0.083,0.089,0.082,0.088,0.089,0.09,0.083,0.082,0.087,0.089,0.089,0.083,0.084,0.086,0.082,0.085,0.085,0.086,0.083,0.084,0.087,0.086,0.087,0.083,0.081,0.086,0.082,0.093,0.091,0.085,0.081,0.082,0.086,0.085,0.085,0.083,0.084,0.114,0.123,0.103,0.131,0.097,0.08,0.138,0.087,0.09,0.084,0.083,0.082,0.086,0.081,0.089,0.087,0.088,0.082,0.083,0.086,0.089,0.084,0.082,0.082,0.085,0.082,0.087,0.084,0.083,0.081,0.083,0.088,0.098,0.087,0.086,0.085,0.086,0.082,0.094,0.084,0.085,0.081,0.085,0.087,0.087,0.083,0.083,0.081,0.083,0.083,0.085,0.089,0.091,0.082,0.096,0.09,0.093,0.091,0.082
2.5,0.083,0.089,0.082,0.089,0.089,0.091,0.083,0.082,0.087,0.089,0.089,0.083,0.082,0.083,0.082,0.085,0.085,0.086,0.084,0.084,0.087,0.086,0.086,0.083,0.081,0.087,0.083,0.094,0.09,0.086,0.081,0.082,0.086,0.086,0.085,0.083,0.084,0.116,0.126,0.106,0.135,0.098,0.08,0.14,0.088,0.091,0.084,0.084,0.082,0.086,0.081,0.089,0.088,0.09,0.082,0.083,0.086,0.089,0.084,0.082,0.082,0.085,0.082,0.087,0.084,0.083,0.081,0.082,0.088,0.094,0.087,0.086,0.086,0.086,0.082,0.094,0.084,0.085,0.081,0.085,0.088,0.086,0.083,0.083,0.081,0.083,0.083,0.086,0.089,0.091,0.082,0.096,0.091,0.093,0.091,0.082
2.666666667,0.083,0.09,0.082,0.089,0.09,0.091,0.084,0.083,0.088,0.089,0.089,0.083,0.082,0.085,0.082,0.086,0.086,0.087,0.084,0.085,0.088,0.086,0.087,0.083,0.081,0.087,0.083,0.095,0.09,0.086,0.082,0.082,0.086,0.086,0.086,0.083,0.085,0.118,0.129,0.107,0.14,0.1,0.081,0.143,0.088,0.092,0.084,0.084,0.082,0.086,0.081,0.09,0.088,0.09,0.082,0.084,0.087,0.09,0.084,0.082,0.082,0.086,0.082,0.088,0.084,0.083,0.082,0.083,0.089,0.093,0.088,0.086,0.087,0.087,0.082,0.094,0.085,0.086,0.082,0.085,0.087,0.087,0.084,0.083,0.081,0.083,0.084,0.086,0.09,0.092,0.082,0.097,0.091,0.094,0.091,0.082
2.833333333,0.083,0.091,0.082,0.09,0.09,0.092,0.084,0.083,0.088,0.09,0.09,0.083,0.082,0.087,0.082,0.085,0.086,0.087,0.084,0.085,0.088,0.087,0.087,0.083,0.081,0.087,0.085,0.095,0.09,0.086,0.081,0.082,0.086,0.086,0.086,0.083,0.086,0.12,0.133,0.109,0.145,0.101,0.081,0.146,0.089,0.093,0.084,0.084,0.082,0.087,0.081,0.09,0.088,0.088,0.082,0.084,0.088,0.09,0.084,0.083,0.082,0.087,0.083,0.088,0.085,0.083,0.081,0.083,0.089,0.094,0.088,0.086,0.087,0.087,0.082,0.094,0.085,0.086,0.081,0.085,0.088,0.087,0.084,0.083,0.081,0.083,0.083,0.086,0.09,0.092,0.082,0.097,0.091,0.094,0.091,0.082
3,0.083,0.091,0.083,0.09,0.091,0.093,0.084,0.083,0.088,0.09,0.09,0.083,0.083,0.085,0.083,0.086,0.086,0.088,0.084,0.085,0.089,0.087,0.087,0.083,0.081,0.088,0.083,0.096,0.091,0.087,0.082,0.082,0.087,0.087,0.086,0.083,0.085,0.122,0.136,0.111,0.15,0.103,0.081,0.149,0.089,0.094,0.084,0.084,0.082,0.087,0.082,0.09,0.089,0.089,0.082,0.084,0.088,0.091,0.084,0.083,0.082,0.086,0.083,0.088,0.085,0.084,0.082,0.083,0.09,0.095,0.088,0.086,0.086,0.087,0.082,0.096,0.085,0.086,0.082,0.085,0.088,0.088,0.084,0.083,0.081,0.083,0.084,0.086,0.091,0.093,0.083,0.097,0.092,0.095,0.091,0.082
3.166666667,0.083,0.091,0.083,0.091,0.091,0.094,0.084,0.083,0.089,0.09,0.09,0.083,0.084,0.086,0.083,0.086,0.087,0.088,0.084,0.085,0.089,0.089,0.087,0.083,0.081,0.088,0.083,0.097,0.093,0.087,0.081,0.082,0.087,0.087,0.086,0.083,0.086,0.123,0.139,0.113,0.154,0.105,0.081,0.151,0.089,0.095,0.084,0.084,0.082,0.087,0.081,0.09,0.09,0.089,0.082,0.085,0.088,0.091,0.084,0.083,0.082,0.09,0.083,0.088,0.085,0.084,0.082,0.083,0.09,0.096,0.088,0.086,0.086,0.087,0.082,0.095,0.086,0.086,0.082,0.085,0.088,0.088,0.084,0.083,0.081,0.083,0.084,0.087,0.091,0.093,0.082,0.097,0.092,0.096,0.091,0.082
3.333333333,0.083,0.092,0.083,0.091,0.092,0.095,0.084,0.083,0.089,0.091,0.09,0.083,0.083,0.089,0.083,0.09,0.087,0.089,0.084,0.086,0.09,0.088,0.087,0.084,0.081,0.088,0.083,0.098,0.095,0.088,0.082,0.082,0.087,0.088,0.086,0.083,0.085,0.125,0.141,0.116,0.159,0.107,0.081,0.153,0.09,0.096,0.084,0.084,0.082,0.088,0.082,0.091,0.09,0.09,0.082,0.084,0.089,0.092,0.084,0.083,0.082,0.092,0.083,0.089,0.085,0.084,0.081,0.083,0.091,0.096,0.089,0.087,0.086,0.088,0.082,0.096,0.086,0.087,0.082,0.085,0.089,0.089,0.084,0.083,0.082,0.084,0.084,0.087,0.092,0.094,0.083,0.097,0.092,0.097,0.092,0.082
3.5,0.084,0.092,0.083,0.092,0.093,0.095,0.084,0.083,0.09,0.092,0.091,0.083,0.083,0.086,0.083,0.087,0.087,0.09,0.084,0.086,0.09,0.088,0.088,0.083,0.081,0.089,0.083,0.098,0.093,0.088,0.082,0.082,0.087,0.088,0.086,0.083,0.085,0.127,0.144,0.117,0.164,0.108,0.081,0.155,0.09,0.097,0.085,0.084,0.082,0.088,0.082,0.091,0.09,0.093,0.082,0.084,0.089,0.093,0.085,0.083,0.082,0.087,0.083,0.089,0.086,0.084,0.081,0.083,0.091,0.101,0.089,0.087,0.086,0.088,0.082,0.096,0.086,0.087,0.082,0.085,0.09,0.089,0.084,0.083,0.081,0.084,0.084,0.087,0.093,0.094,0.083,0.097,0.093,0.097,0.092,0.083
3.666666667,0.083,0.093,0.083,0.093,0.093,0.096,0.085,0.083,0.09,0.092,0.091,0.083,0.082,0.088,0.083,0.087,0.088,0.09,0.085,0.086,0.091,0.089,0.088,0.084,0.081,0.09,0.083,0.099,0.096,0.089,0.082,0.082,0.088,0.088,0.086,0.083,0.086,0.13,0.147,0.12,0.168,0.11,0.081,0.157,0.091,0.098,0.085,0.084,0.082,0.088,0.082,0.092,0.091,0.092,0.083,0.085,0.09,0.093,0.085,0.083,0.082,0.087,0.083,0.09,0.086,0.085,0.082,0.083,0.092,0.098,0.089,0.086,0.086,0.088,0.082,0.095,0.086,0.087,0.082,0.085,0.09,0.089,0.084,0.083,0.081,0.084,0.084,0.088,0.093,0.095,0.083,0.097,0.093,0.098,0.092,0.082
3.833333333,0.083,0.093,0.083,0.093,0.094,0.097,0.085,0.083,0.09,0.092,0.091,0.083,0.083,0.089,0.083,0.087,0.088,0.09,0.085,0.086,0.091,0.09,0.088,0.083,0.081,0.09,0.083,0.1,0.096,0.09,0.082,0.082,0.088,0.089,0.087,0.083,0.085,0.131,0.149,0.123,0.172,0.112,0.081,0.159,0.091,0.099,0.085,0.084,0.082,0.089,0.082,0.092,0.091,0.092,0.082,0.085,0.09,0.093,0.085,0.083,0.082,0.088,0.083,0.089,0.086,0.085,0.081,0.083,0.092,0.099,0.089,0.086,0.086,0.088,0.082,0.096,0.086,0.088,0.082,0.085,0.09,0.09,0.084,0.083,0.081,0.084,0.084,0.09,0.093,0.096,0.083,0.097,0.093,0.098,0.092,0.082
4,0.084,0.094,0.083,0.094,0.095,0.098,0.085,0.084,0.092,0.093,0.092,0.084,0.084,0.09,0.083,0.088,0.088,0.091,0.085,0.087,0.092,0.09,0.088,0.084,0.081,0.091,0.083,0.101,0.096,0.091,0.082,0.083,0.089,0.09,0.087,0.083,0.085,0.134,0.152,0.126,0.176,0.114,0.081,0.161,0.092,0.1,0.085,0.084,0.083,0.089,0.082,0.092,0.092,0.095,0.083,0.085,0.091,0.095,0.085,0.083,0.082,0.088,0.083,0.09,0.086,0.085,0.082,0.083,0.093,0.099,0.089,0.087,0.086,0.089,0.082,0.097,0.087,0.088,0.082,0.086,0.091,0.091,0.084,0.084,0.081,0.084,0.085,0.089,0.094,0.097,0.083,0.098,0.094,0.1,0.093,0.083
4.166666667,0.083,0.094,0.083,0.095,0.095,0.099,0.085,0.084,0.092,0.094,0.092,0.083,0.082,0.09,0.083,0.088,0.089,0.092,0.085,0.087,0.092,0.091,0.088,0.084,0.081,0.091,0.083,0.102,0.098,0.092,0.082,0.083,0.089,0.09,0.087,0.083,0.085,0.136,0.154,0.13,0.18,0.116,0.081,0.163,0.092,0.101,0.085,0.084,0.082,0.089,0.082,0.093,0.093,0.093,0.083,0.085,0.091,0.097,0.085,0.083,0.082,0.1,0.083,0.09,0.087,0.085,0.081,0.083,0.093,0.101,0.09,0.086,0.085,0.089,0.082,0.097,0.087,0.088,0.082,0.085,0.091,0.091,0.084,0.083,0.081,0.084,0.084,0.089,0.095,0.097,0.083,0.098,0.094,0.1,0.093,0.083
4.333333333,0.084,0.095,0.084,0.095,0.096,0.1,0.086,0.084,0.092,0.095,0.093,0.083,0.082,0.088,0.083,0.092,0.09,0.093,0.085,0.087,0.093,0.092,0.089,0.084,0.081,0.092,0.083,0.103,0.098,0.093,0.082,0.082,0.09,0.091,0.087,0.083,0.085,0.138,0.158,0.131,0.184,0.118,0.081,0.165,0.093,0.102,0.085,0.084,0.082,0.09,0.083,0.093,0.093,0.095,0.083,0.085,0.092,0.096,0.086,0.083,0.082,0.089,0.083,0.091,0.087,0.086,0.082,0.083,0.094,0.102,0.09,0.086,0.086,0.09,0.082,0.097,0.088,0.089,0.082,0.085,0.091,0.092,0.084,0.084,0.081,0.085,0.084,0.089,0.095,0.098,0.083,0.098,0.095,0.102,0.093,0.083
4.5,0.084,0.096,0.084,0.097,0.097,0.101,0.086,0.084,0.093,0.095,0.093,0.084,0.083,0.087,0.083,0.091,0.09,0.094,0.086,0.087,0.094,0.092,0.089,0.084,0.081,0.094,0.083,0.105,0.1,0.094,0.082,0.083,0.09,0.092,0.087,0.083,0.085,0.14,0.159,0.134,0.187,0.119,0.082,0.167,0.094,0.104,0.086,0.084,0.083,0.091,0.082,0.095,0.094,0.095,0.083,0.085,0.093,0.097,0.086,0.083,0.082,0.091,0.084,0.091,0.087,0.086,0.082,0.083,0.094,0.104,0.091,0.087,0.085,0.089,0.082,0.097,0.088,0.089,0.082,0.086,0.092,0.093,0.085,0.084,0.081,0.086,0.085,0.09,0.096,0.099,0.084,0.098,0.095,0.102,0.094,0.083
4.666666667,0.084,0.096,0.084,0.097,0.098,0.102,0.086,0.084,0.095,0.096,0.094,0.084,0.082,0.091,0.083,0.093,0.091,0.094,0.086,0.088,0.095,0.093,0.089,0.084,0.081,0.094,0.084,0.106,0.098,0.095,0.082,0.083,0.091,0.092,0.088,0.083,0.085,0.142,0.162,0.139,0.191,0.122,0.082,0.168,0.095,0.105,0.086,0.084,0.083,0.09,0.083,0.095,0.095,0.097,0.083,0.086,0.093,0.098,0.086,0.083,0.082,0.09,0.084,0.092,0.088,0.086,0.082,0.083,0.095,0.104,0.091,0.087,0.085,0.09,0.083,0.097,0.089,0.089,0.082,0.086,0.092,0.093,0.085,0.083,0.081,0.085,0.085,0.09,0.097,0.1,0.084,0.098,0.095,0.103,0.094,0.083
4.833333333,0.084,0.097,0.084,0.098,0.099,0.103,0.086,0.084,0.095,0.097,0.094,0.084,0.084,0.092,0.083,0.094,0.091,0.096,0.086,0.088,0.095,0.094,0.09,0.084,0.081,0.095,0.084,0.107,0.101,0.096,0.082,0.083,0.091,0.093,0.088,0.083,0.085,0.145,0.164,0.14,0.194,0.124,0.082,0.17,0.095,0.106,0.086,0.084,0.083,0.091,0.083,0.095,0.096,0.097,0.083,0.086,0.094,0.099,0.087,0.083,0.082,0.092,0.084,0.092,0.088,0.087,0.082,0.083,0.096,0.105,0.091,0.087,0.085,0.091,0.083,0.097,0.089,0.09,0.082,0.086,0.093,0.094,0.085,0.084,0.081,0.086,0.085,0.091,0.097,0.101,0.084,0.099,0.096,0.104,0.095,0.083
5,0.084,0.098,0.084,0.099,0.1,0.105,0.087,0.084,0.095,0.097,0.095,0.084,0.083,0.092,0.083,0.091,0.092,0.097,0.086,0.089,0.096,0.095,0.09,0.084,0.081,0.096,0.084,0.108,0.103,0.097,0.083,0.083,0.092,0.094,0.088,0.083,0.086,0.147,0.166,0.143,0.198,0.127,0.082,0.172,0.097,0.108,0.087,0.084,0.083,0.092,0.083,0.096,0.096,0.097,0.084,0.086,0.095,0.1,0.087,0.083,0.082,0.091,0.084,0.093,0.088,0.087,0.082,0.083,0.097,0.108,0.091,0.087,0.086,0.091,0.083,0.098,0.09,0.091,0.083,0.086,0.093,0.094,0.085,0.084,0.081,0.086,0.085,0.091,0.098,0.102,0.084,0.099,0.097,0.105,0.095,0.083
5.166666667,0.084,0.098,0.084,0.099,0.101,0.106,0.087,0.084,0.096,0.098,0.095,0.084,0.083,0.088,0.083,0.09,0.093,0.098,0.086,0.089,0.097,0.096,0.09,0.084,0.081,0.097,0.084,0.109,0.102,0.098,0.082,0.083,0.093,0.095,0.088,0.083,0.085,0.149,0.169,0.148,0.2,0.128,0.082,0.172,0.097,0.109,0.087,0.084,0.082,0.092,0.083,0.096,0.097,0.098,0.084,0.086,0.095,0.101,0.086,0.083,0.082,0.094,0.084,0.094,0.088,0.087,0.082,0.083,0.097,0.108,0.092,0.086,0.085,0.091,0.083,0.098,0.09,0.09,0.082,0.086,0.094,0.095,0.085,0.083,0.081,0.086,0.085,0.094,0.099,0.103,0.084,0.099,0.096,0.106,0.095,0.083
5.333333333,0.084,0.099,0.085,0.101,0.102,0.108,0.087,0.085,0.097,0.099,0.096,0.084,0.083,0.09,0.083,0.091,0.094,0.099,0.087,0.09,0.098,0.097,0.091,0.084,0.081,0.098,0.084,0.111,0.104,0.1,0.083,0.083,0.093,0.096,0.089,0.084,0.085,0.151,0.171,0.151,0.204,0.131,0.082,0.174,0.098,0.111,0.087,0.084,0.082,0.092,0.083,0.097,0.098,0.099,0.084,0.086,0.097,0.103,0.087,0.083,0.082,0.092,0.084,0.094,0.088,0.088,0.082,0.084,0.097,0.11,0.092,0.087,0.085,0.092,0.083,0.099,0.09,0.091,0.083,0.086,0.095,0.096,0.085,0.083,0.081,0.086,0.086,0.092,0.1,0.104,0.084,0.099,0.098,0.107,0.095,0.083
5.5,0.084,0.1,0.085,0.102,0.103,0.108,0.087,0.085,0.098,0.1,0.097,0.084,0.083,0.093,0.084,0.094,0.094,0.1,0.087,0.09,0.099,0.098,0.091,0.084,0.081,0.099,0.084,0.112,0.106,0.101,0.083,0.083,0.095,0.096,0.089,0.084,0.086,0.153,0.173,0.156,0.208,0.133,0.082,0.176,0.099,0.113,0.088,0.084,0.083,0.093,0.083,0.097,0.099,0.101,0.084,0.086,0.097,0.104,0.087,0.083,0.083,0.092,0.085,0.095,0.089,0.088,0.082,0.084,0.099,0.112,0.093,0.087,0.085,0.092,0.083,0.099,0.092,0.092,0.083,0.086,0.095,0.097,0.085,0.084,0.081,0.087,0.086,0.092,0.1,0.105,0.085,0.099,0.098,0.108,0.096,0.083
5.666666667,0.084,0.1,0.085,0.103,0.104,0.111,0.088,0.085,0.099,0.102,0.097,0.084,0.083,0.09,0.084,0.092,0.095,0.101,0.088,0.091,0.1,0.1,0.091,0.085,0.082,0.1,0.084,0.114,0.107,0.103,0.083,0.084,0.095,0.097,0.089,0.084,0.086,0.156,0.175,0.157,0.211,0.135,0.082,0.177,0.101,0.115,0.088,0.084,0.083,0.093,0.084,0.098,0.101,0.102,0.084,0.087,0.098,0.106,0.087,0.083,0.083,0.108,0.085,0.096,0.09,0.089,0.082,0.084,0.099,0.114,0.093,0.087,0.085,0.093,0.083,0.1,0.092,0.093,0.083,0.086,0.097,0.098,0.086,0.084,0.081,0.087,0.086,0.093,0.102,0.107,0.085,0.1,0.099,0.11,0.096,0.083
5.833333333,0.084,0.101,0.085,0.104,0.105,0.112,0.088,0.086,0.1,0.103,0.098,0.084,0.084,0.093,0.084,0.092,0.097,0.103,0.088,0.092,0.102,0.101,0.092,0.085,0.082,0.102,0.084,0.116,0.111,0.104,0.083,0.084,0.096,0.098,0.089,0.084,0.086,0.157,0.177,0.161,0.214,0.137,0.082,0.179,0.101,0.117,0.088,0.085,0.083,0.094,0.084,0.098,0.101,0.103,0.084,0.087,0.099,0.107,0.088,0.084,0.083,0.094,0.085,0.097,0.09,0.089,0.082,0.084,0.1,0.116,0.094,0.087,0.085,0.093,0.083,0.1,0.093,0.093,0.083,0.087,0.097,0.099,0.086,0.084,0.082,0.087,0.086,0.095,0.103,0.108,0.086,0.1,0.1,0.111,0.097,0.084
6,0.084,0.102,0.086,0.105,0.106,0.113,0.088,0.086,0.101,0.104,0.099,0.084,0.084,0.092,0.084,0.093,0.098,0.105,0.088,0.092,0.103,0.102,0.093,0.085,0.082,0.102,0.085,0.117,0.113,0.106,0.083,0.084,0.097,0.099,0.09,0.084,0.086,0.16,0.179,0.164,0.218,0.14,0.082,0.18,0.103,0.118,0.089,0.085,0.083,0.095,0.084,0.1,0.103,0.104,0.084,0.087,0.1,0.108,0.088,0.084,0.083,0.094,0.085,0.097,0.09,0.089,0.082,0.084,0.101,0.119,0.095,0.087,0.085,0.094,0.083,0.101,0.093,0.093,0.083,0.087,0.098,0.1,0.086,0.084,0.082,0.087,0.086,0.095,0.103,0.109,0.085,0.1,0.101,0.113,0.097,0.084
6.166666667,0.084,0.103,0.086,0.107,0.108,0.115,0.089,0.086,0.102,0.106,0.099,0.084,0.083,0.094,0.084,0.093,0.099,0.106,0.088,0.093,0.104,0.104,0.093,0.084,0.082,0.104,0.085,0.119,0.113,0.107,0.083,0.084,0.098,0.101,0.09,0.084,0.086,0.162,0.182,0.167,0.223,0.143,0.082,0.182,0.104,0.12,0.089,0.085,0.083,0.095,0.084,0.099,0.103,0.105,0.085,0.087,0.101,0.11,0.088,0.083,0.083,0.094,0.085,0.098,0.091,0.09,0.082,0.084,0.102,0.12,0.095,0.087,0.085,0.094,0.083,0.102,0.094,0.095,0.083,0.087,0.098,0.101,0.086,0.084,0.082,0.088,0.086,0.095,0.105,0.11,0.085,0.1,0.101,0.115,0.097,0.084
6.333333333,0.084,0.104,0.086,0.107,0.108,0.116,0.089,0.086,0.103,0.107,0.1,0.084,0.084,0.091,0.084,0.095,0.1,0.108,0.089,0.094,0.106,0.105,0.094,0.085,0.081,0.105,0.085,0.121,0.115,0.109,0.084,0.084,0.099,0.102,0.09,0.084,0.086,0.165,0.184,0.172,0.226,0.144,0.083,0.184,0.105,0.122,0.089,0.085,0.083,0.096,0.084,0.1,0.105,0.107,0.085,0.088,0.102,0.111,0.089,0.083,0.083,0.095,0.085,0.099,0.091,0.09,0.082,0.084,0.103,0.122,0.096,0.087,0.085,0.095,0.083,0.102,0.095,0.095,0.083,0.087,0.1,0.102,0.086,0.084,0.081,0.088,0.086,0.096,0.106,0.111,0.085,0.101,0.102,0.116,0.098,0.083
6.5,0.084,0.104,0.086,0.109,0.109,0.118,0.089,0.086,0.104,0.108,0.1,0.084,0.084,0.092,0.084,0.095,0.101,0.11,0.089,0.095,0.107,0.107,0.095,0.084,0.082,0.106,0.085,0.122,0.118,0.111,0.084,0.084,0.1,0.103,0.091,0.084,0.086,0.167,0.185,0.176,0.23,0.148,0.083,0.185,0.106,0.124,0.09,0.085,0.083,0.097,0.084,0.101,0.105,0.108,0.085,0.088,0.103,0.113,0.089,0.083,0.083,0.096,0.085,0.099,0.091,0.091,0.082,0.084,0.105,0.124,0.096,0.087,0.085,0.095,0.084,0.103,0.095,0.096,0.084,0.087,0.101,0.103,0.086,0.084,0.082,0.088,0.086,0.096,0.107,0.111,0.086,0.101,0.103,0.116,0.098,0.084
6.666666667,0.084,0.105,0.086,0.11,0.111,0.12,0.09,0.086,0.105,0.11,0.101,0.084,0.083,0.092,0.085,0.096,0.102,0.112,0.09,0.096,0.108,0.109,0.095,0.085,0.082,0.108,0.085,0.124,0.12,0.113,0.084,0.084,0.101,0.104,0.091,0.084,0.086,0.17,0.188,0.181,0.235,0.151,0.083,0.187,0.108,0.126,0.09,0.085,0.083,0.097,0.084,0.102,0.108,0.109,0.085,0.088,0.105,0.115,0.089,0.083,0.083,0.096,0.085,0.1,0.092,0.092,0.082,0.084,0.106,0.126,0.097,0.087,0.086,0.095,0.084,0.103,0.096,0.097,0.084,0.087,0.101,0.104,0.087,0.084,0.082,0.089,0.086,0.097,0.107,0.114,0.086,0.101,0.104,0.117,0.099,0.084
6.833333333,0.084,0.106,0.086,0.112,0.112,0.122,0.09,0.086,0.106,0.111,0.102,0.084,0.083,0.093,0.084,0.097,0.104,0.113,0.09,0.096,0.109,0.11,0.096,0.085,0.082,0.109,0.085,0.126,0.122,0.114,0.084,0.084,0.103,0.107,0.091,0.084,0.086,0.172,0.191,0.183,0.239,0.154,0.083,0.188,0.109,0.128,0.091,0.085,0.083,0.099,0.084,0.103,0.108,0.111,0.085,0.088,0.106,0.117,0.09,0.084,0.083,0.121,0.086,0.101,0.092,0.092,0.082,0.085,0.108,0.128,0.097,0.087,0.085,0.096,0.084,0.104,0.097,0.098,0.084,0.087,0.104,0.106,0.087,0.084,0.082,0.089,0.087,0.098,0.109,0.115,0.086,0.101,0.105,0.119,0.099,0.084
7,0.084,0.107,0.087,0.113,0.114,0.124,0.091,0.087,0.108,0.113,0.103,0.084,0.083,0.093,0.084,0.097,0.105,0.115,0.091,0.097,0.11,0.112,0.097,0.085,0.082,0.111,0.085,0.127,0.125,0.116,0.084,0.085,0.104,0.108,0.092,0.084,0.086,0.175,0.192,0.187,0.243,0.156,0.083,0.19,0.111,0.13,0.091,0.085,0.083,0.098,0.085,0.104,0.109,0.112,0.085,0.089,0.106,0.119,0.09,0.084,0.083,0.098,0.086,0.102,0.093,0.092,0.082,0.084,0.109,0.13,0.098,0.087,0.085,0.097,0.084,0.105,0.098,0.098,0.084,0.087,0.105,0.107,0.087,0.084,0.082,0.09,0.087,0.097,0.11,0.115,0.086,0.102,0.106,0.119,0.1,0.084
7.166666667,0.084,0.108,0.087,0.114,0.115,0.125,0.091,0.087,0.109,0.115,0.103,0.084,0.083,0.094,0.085,0.097,0.107,0.117,0.091,0.098,0.113,0.115,0.098,0.085,0.082,0.112,0.086,0.129,0.127,0.117,0.085,0.085,0.105,0.11,0.092,0.084,0.086,0.178,0.196,0.189,0.247,0.16,0.083,0.191,0.113,0.132,0.091,0.085,0.083,0.098,0.085,0.104,0.111,0.114,0.086,0.089,0.107,0.121,0.091,0.084,0.083,0.099,0.086,0.103,0.094,0.093,0.082,0.085,0.111,0.132,0.098,0.087,0.085,0.097,0.084,0.106,0.099,0.099,0.084,0.088,0.107,0.107,0.087,0.084,0.082,0.09,0.087,0.099,0.112,0.117,0.086,0.102,0.107,0.12,0.1,0.084
7.333333333,0.084,0.108,0.087,0.115,0.116,0.127,0.092,0.087,0.111,0.116,0.105,0.084,0.083,0.095,0.085,0.099,0.108,0.119,0.091,0.099,0.114,0.116,0.099,0.084,0.082,0.114,0.086,0.131,0.13,0.119,0.085,0.085,0.106,0.109,0.093,0.084,0.086,0.18,0.196,0.194,0.252,0.162,0.083,0.193,0.114,0.134,0.092,0.085,0.083,0.099,0.085,0.105,0.113,0.115,0.086,0.089,0.109,0.122,0.091,0.084,0.083,0.099,0.087,0.104,0.094,0.094,0.082,0.085,0.111,0.135,0.099,0.087,0.085,0.098,0.084,0.106,0.1,0.1,0.084,0.088,0.108,0.11,0.087,0.084,0.082,0.091,0.088,0.098,0.114,0.118,0.086,0.102,0.108,0.122,0.1,0.084
7.5,0.084,0.11,0.088,0.117,0.117,0.129,0.092,0.088,0.112,0.118,0.105,0.085,0.083,0.096,0.085,0.099,0.11,0.122,0.092,0.1,0.115,0.118,0.1,0.085,0.082,0.116,0.086,0.135,0.133,0.122,0.085,0.085,0.109,0.112,0.094,0.084,0.087,0.183,0.199,0.199,0.257,0.165,0.083,0.195,0.116,0.137,0.093,0.085,0.083,0.1,0.085,0.106,0.114,0.117,0.086,0.09,0.11,0.124,0.091,0.084,0.083,0.101,0.086,0.104,0.095,0.095,0.082,0.085,0.114,0.136,0.1,0.088,0.086,0.098,0.084,0.107,0.101,0.102,0.084,0.088,0.11,0.111,0.088,0.084,0.082,0.091,0.087,0.099,0.115,0.119,0.087,0.103,0.11,0.123,0.101,0.084
7.666666667,0.084,0.111,0.088,0.119,0.119,0.13,0.093,0.088,0.114,0.12,0.106,0.085,0.083,0.096,0.085,0.1,0.112,0.124,0.092,0.101,0.116,0.121,0.101,0.085,0.082,0.117,0.086,0.136,0.135,0.123,0.085,0.086,0.109,0.114,0.094,0.084,0.087,0.186,0.2,0.204,0.263,0.168,0.084,0.197,0.117,0.138,0.093,0.085,0.083,0.1,0.086,0.107,0.115,0.118,0.086,0.09,0.111,0.125,0.092,0.084,0.083,0.109,0.086,0.105,0.095,0.095,0.082,0.085,0.115,0.137,0.1,0.087,0.085,0.099,0.084,0.108,0.102,0.102,0.084,0.088,0.111,0.113,0.088,0.084,0.082,0.091,0.088,0.1,0.116,0.121,0.087,0.103,0.111,0.125,0.102,0.084
7.833333333,0.084,0.112,0.088,0.12,0.121,0.132,0.093,0.088,0.115,0.121,0.107,0.085,0.083,0.097,0.086,0.101,0.114,0.126,0.093,0.102,0.118,0.122,0.102,0.085,0.082,0.119,0.087,0.138,0.139,0.125,0.086,0.086,0.111,0.115,0.095,0.084,0.087,0.189,0.203,0.206,0.267,0.172,0.084,0.198,0.119,0.141,0.093,0.085,0.083,0.101,0.086,0.108,0.116,0.119,0.087,0.09,0.112,0.128,0.092,0.084,0.083,0.102,0.087,0.106,0.096,0.096,0.083,0.085,0.117,0.139,0.102,0.087,0.085,0.099,0.085,0.108,0.103,0.101,0.085,0.088,0.111,0.114,0.088,0.084,0.082,0.092,0.088,0.1,0.117,0.125,0.087,0.103,0.112,0.128,0.102,0.084
8,0.084,0.112,0.089,0.122,0.122,0.134,0.094,0.088,0.117,0.123,0.108,0.085,0.083,0.097,0.085,0.102,0.115,0.129,0.094,0.103,0.119,0.124,0.103,0.085,0.082,0.12,0.087,0.139,0.142,0.127,0.086,0.086,0.113,0.116,0.095,0.084,0.087,0.192,0.205,0.213,0.271,0.173,0.084,0.201,0.121,0.144,0.094,0.085,0.083,0.102,0.086,0.108,0.119,0.121,0.087,0.091,0.114,0.128,0.093,0.084,0.083,0.102,0.087,0.108,0.096,0.097,0.083,0.085,0.118,0.141,0.101,0.088,0.086,0.101,0.085,0.114,0.105,0.104,0.085,0.089,0.114,0.117,0.088,0.084,0.082,0.092,0.088,0.102,0.119,0.126,0.088,0.104,0.114,0.132,0.103,0.084
8.166666667,0.084,0.114,0.089,0.123,0.125,0.136,0.094,0.089,0.118,0.124,0.11,0.085,0.083,0.098,0.086,0.108,0.116,0.13,0.094,0.105,0.12,0.125,0.105,0.085,0.082,0.121,0.087,0.141,0.145,0.129,0.086,0.086,0.115,0.118,0.096,0.084,0.087,0.195,0.207,0.216,0.277,0.177,0.084,0.202,0.123,0.146,0.094,0.085,0.083,0.103,0.086,0.109,0.12,0.122,0.087,0.091,0.115,0.129,0.093,0.084,0.083,0.102,0.088,0.109,0.097,0.097,0.083,0.085,0.12,0.142,0.103,0.088,0.085,0.102,0.085,0.116,0.106,0.106,0.085,0.089,0.114,0.118,0.089,0.084,0.082,0.093,0.088,0.102,0.121,0.128,0.087,0.104,0.116,0.131,0.104,0.084
8.333333333,0.084,0.115,0.089,0.126,0.125,0.137,0.095,0.089,0.119,0.127,0.111,0.085,0.083,0.099,0.086,0.104,0.119,0.134,0.095,0.106,0.122,0.128,0.105,0.085,0.083,0.123,0.087,0.145,0.147,0.13,0.087,0.087,0.116,0.12,0.096,0.084,0.087,0.198,0.208,0.222,0.283,0.182,0.084,0.204,0.125,0.148,0.095,0.085,0.083,0.104,0.086,0.112,0.123,0.123,0.087,0.092,0.116,0.131,0.094,0.084,0.083,0.104,0.088,0.11,0.099,0.099,0.083,0.085,0.122,0.144,0.104,0.088,0.086,0.102,0.085,0.11,0.107,0.106,0.085,0.089,0.116,0.119,0.089,0.084,0.083,0.093,0.089,0.103,0.121,0.129,0.088,0.104,0.118,0.134,0.104,0.084
8.5,0.084,0.116,0.089,0.127,0.128,0.139,0.096,0.089,0.121,0.128,0.112,0.085,0.083,0.1,0.086,0.105,0.12,0.136,0.096,0.107,0.122,0.13,0.106,0.085,0.082,0.124,0.088,0.145,0.151,0.133,0.087,0.087,0.117,0.121,0.097,0.084,0.087,0.201,0.21,0.225,0.287,0.182,0.084,0.206,0.126,0.151,0.095,0.085,0.083,0.104,0.086,0.113,0.124,0.123,0.087,0.093,0.117,0.132,0.094,0.084,0.083,0.104,0.087,0.111,0.099,0.099,0.083,0.085,0.124,0.145,0.104,0.088,0.086,0.103,0.085,0.11,0.108,0.106,0.085,0.089,0.117,0.121,0.089,0.084,0.083,0.094,0.089,0.103,0.122,0.131,0.088,0.105,0.12,0.135,0.105,0.084
8.666666667,0.085,0.117,0.09,0.128,0.128,0.141,0.096,0.09,0.122,0.131,0.113,0.085,0.083,0.1,0.086,0.106,0.122,0.139,0.096,0.108,0.125,0.132,0.108,0.085,0.082,0.127,0.088,0.148,0.153,0.134,0.088,0.087,0.117,0.122,0.098,0.085,0.087,0.204,0.213,0.23,0.294,0.187,0.085,0.208,0.128,0.153,0.096,0.085,0.083,0.105,0.087,0.116,0.124,0.126,0.088,0.093,0.118,0.133,0.095,0.084,0.083,0.105,0.088,0.112,0.1,0.1,0.083,0.085,0.126,0.147,0.105,0.088,0.085,0.104,0.086,0.112,0.108,0.11,0.085,0.089,0.118,0.123,0.09,0.084,0.083,0.094,0.089,0.106,0.127,0.132,0.088,0.105,0.123,0.137,0.105,0.084
8.833333333,0.085,0.118,0.09,0.129,0.13,0.142,0.097,0.09,0.124,0.132,0.114,0.085,0.083,0.101,0.086,0.107,0.123,0.141,0.097,0.109,0.126,0.132,0.109,0.085,0.082,0.128,0.088,0.149,0.157,0.137,0.088,0.087,0.12,0.123,0.098,0.085,0.087,0.208,0.217,0.238,0.3,0.192,0.085,0.21,0.13,0.156,0.097,0.085,0.083,0.105,0.087,0.116,0.128,0.127,0.088,0.094,0.119,0.134,0.095,0.084,0.083,0.106,0.088,0.112,0.1,0.101,0.083,0.085,0.127,0.148,0.106,0.088,0.085,0.105,0.086,0.112,0.11,0.111,0.085,0.09,0.121,0.124,0.09,0.084,0.082,0.094,0.089,0.105,0.127,0.131,0.089,0.106,0.124,0.14,0.106,0.084
9,0.084,0.118,0.09,0.131,0.131,0.145,0.097,0.09,0.126,0.133,0.116,0.085,0.083,0.102,0.086,0.107,0.125,0.143,0.098,0.11,0.127,0.134,0.11,0.085,0.082,0.13,0.088,0.152,0.161,0.138,0.088,0.088,0.122,0.124,0.099,0.084,0.087,0.211,0.219,0.242,0.306,0.197,0.085,0.212,0.132,0.158,0.098,0.085,0.083,0.106,0.087,0.117,0.129,0.129,0.088,0.094,0.121,0.135,0.096,0.084,0.083,0.106,0.089,0.114,0.102,0.101,0.083,0.085,0.131,0.15,0.107,0.088,0.085,0.106,0.086,0.113,0.111,0.112,0.086,0.09,0.123,0.124,0.09,0.084,0.083,0.095,0.089,0.106,0.13,0.134,0.089,0.106,0.126,0.14,0.107,0.084
9.166666667,0.085,0.12,0.091,0.132,0.132,0.145,0.098,0.091,0.128,0.133,0.117,0.085,0.083,0.102,0.087,0.108,0.127,0.146,0.099,0.112,0.128,0.136,0.112,0.085,0.082,0.131,0.089,0.155,0.164,0.142,0.089,0.088,0.123,0.127,0.1,0.085,0.087,0.215,0.221,0.247,0.313,0.2,0.085,0.215,0.134,0.161,0.099,0.085,0.083,0.108,0.088,0.119,0.132,0.13,0.088,0.095,0.122,0.138,0.097,0.084,0.083,0.108,0.089,0.115,0.102,0.103,0.083,0.086,0.133,0.152,0.108,0.088,0.086,0.107,0.086,0.114,0.112,0.114,0.086,0.09,0.123,0.126,0.09,0.085,0.083,0.095,0.09,0.108,0.128,0.136,0.089,0.106,0.128,0.141,0.108,0.084
9.333333333,0.085,0.122,0.091,0.134,0.133,0.148,0.099,0.091,0.129,0.136,0.118,0.085,0.084,0.104,0.087,0.11,0.129,0.148,0.1,0.113,0.131,0.139,0.113,0.085,0.082,0.134,0.089,0.156,0.168,0.144,0.089,0.089,0.125,0.127,0.101,0.085,0.087,0.218,0.226,0.254,0.32,0.204,0.085,0.217,0.135,0.164,0.099,0.085,0.083,0.109,0.088,0.119,0.134,0.132,0.089,0.096,0.122,0.139,0.097,0.084,0.083,0.109,0.089,0.117,0.103,0.103,0.083,0.086,0.134,0.153,0.108,0.088,0.086,0.107,0.087,0.115,0.114,0.114,0.086,0.09,0.125,0.125,0.09,0.085,0.083,0.095,0.091,0.109,0.131,0.137,0.089,0.107,0.13,0.143,0.109,0.084
9.5,0.085,0.123,0.092,0.136,0.135,0.148,0.1,0.092,0.131,0.137,0.12,0.085,0.084,0.106,0.088,0.111,0.131,0.15,0.101,0.115,0.133,0.143,0.115,0.085,0.083,0.135,0.089,0.16,0.171,0.145,0.09,0.089,0.126,0.127,0.102,0.085,0.087,0.222,0.225,0.258,0.326,0.207,0.086,0.219,0.138,0.167,0.1,0.085,0.084,0.11,0.088,0.121,0.135,0.133,0.089,0.097,0.124,0.141,0.098,0.084,0.084,0.11,0.089,0.118,0.104,0.104,0.083,0.086,0.136,0.155,0.11,0.088,0.086,0.108,0.087,0.116,0.114,0.116,0.086,0.091,0.126,0.127,0.091,0.085,0.083,0.096,0.091,0.11,0.132,0.14,0.09,0.108,0.132,0.146,0.11,0.084
9.666666667,0.085,0.124,0.092,0.136,0.137,0.149,0.101,0.092,0.133,0.138,0.122,0.085,0.084,0.105,0.088,0.112,0.134,0.151,0.102,0.117,0.136,0.146,0.116,0.085,0.082,0.138,0.09,0.162,0.175,0.146,0.09,0.09,0.126,0.132,0.102,0.085,0.087,0.225,0.23,0.267,0.333,0.211,0.086,0.221,0.138,0.17,0.1,0.085,0.084,0.11,0.089,0.12,0.138,0.133,0.09,0.097,0.126,0.142,0.099,0.084,0.084,0.112,0.09,0.119,0.104,0.105,0.083,0.086,0.138,0.157,0.112,0.088,0.087,0.11,0.087,0.117,0.116,0.117,0.086,0.091,0.128,0.127,0.092,0.085,0.083,0.097,0.091,0.11,0.138,0.142,0.09,0.108,0.133,0.146,0.111,0.084
9.833333333,0.085,0.124,0.093,0.136,0.139,0.152,0.101,0.092,0.135,0.14,0.124,0.085,0.084,0.106,0.088,0.113,0.135,0.154,0.102,0.118,0.136,0.145,0.117,0.085,0.082,0.139,0.09,0.165,0.178,0.148,0.091,0.09,0.129,0.133,0.103,0.085,0.087,0.23,0.23,0.272,0.339,0.212,0.086,0.223,0.14,0.173,0.101,0.085,0.084,0.112,0.089,0.122,0.139,0.136,0.09,0.098,0.128,0.144,0.099,0.084,0.084,0.112,0.089,0.12,0.106,0.105,0.083,0.086,0.139,0.159,0.113,0.088,0.087,0.11,0.087,0.118,0.116,0.118,0.087,0.091,0.128,0.13,0.092,0.085,0.083,0.097,0.091,0.112,0.138,0.144,0.09,0.109,0.135,0.149,0.111,0.084
10,0.085,0.126,0.093,0.138,0.141,0.152,0.102,0.092,0.136,0.142,0.125,0.085,0.084,0.107,0.088,0.114,0.137,0.157,0.104,0.12,0.139,0.146,0.119,0.085,0.082,0.141,0.091,0.167,0.183,0.15,0.092,0.091,0.13,0.132,0.104,0.085,0.087,0.234,0.232,0.282,0.346,0.216,0.087,0.225,0.142,0.178,0.102,0.085,0.084,0.113,0.089,0.124,0.141,0.138,0.09,0.099,0.127,0.146,0.099,0.084,0.083,0.113,0.092,0.12,0.106,0.107,0.084,0.086,0.141,0.162,0.114,0.088,0.087,0.111,0.087,0.119,0.118,0.119,0.087,0.092,0.129,0.129,0.092,0.085,0.083,0.098,0.092,0.112,0.138,0.145,0.091,0.109,0.137,0.15,0.112,0.084
10.16666667,0.085,0.128,0.094,0.14,0.142,0.155,0.103,0.093,0.138,0.142,0.127,0.085,0.084,0.108,0.089,0.115,0.139,0.161,0.105,0.121,0.141,0.15,0.12,0.085,0.082,0.144,0.091,0.171,0.186,0.153,0.092,0.091,0.13,0.133,0.105,0.085,0.088,0.24,0.235,0.289,0.353,0.22,0.087,0.228,0.144,0.181,0.103,0.086,0.084,0.115,0.09,0.127,0.144,0.139,0.091,0.1,0.129,0.148,0.1,0.084,0.084,0.114,0.091,0.122,0.107,0.107,0.084,0.086,0.141,0.164,0.116,0.089,0.087,0.112,0.088,0.12,0.119,0.12,0.087,0.092,0.132,0.13,0.093,0.085,0.083,0.099,0.092,0.113,0.141,0.145,0.091,0.11,0.138,0.153,0.113,0.084
10.33333333,0.085,0.129,0.094,0.142,0.141,0.157,0.104,0.093,0.139,0.145,0.128,0.085,0.084,0.11,0.089,0.117,0.143,0.164,0.106,0.123,0.144,0.154,0.122,0.086,0.083,0.146,0.092,0.176,0.191,0.155,0.093,0.092,0.133,0.137,0.106,0.085,0.088,0.245,0.238,0.297,0.36,0.224,0.087,0.23,0.145,0.184,0.103,0.086,0.084,0.117,0.09,0.127,0.145,0.14,0.091,0.101,0.133,0.15,0.101,0.084,0.084,0.115,0.092,0.123,0.108,0.109,0.084,0.086,0.143,0.166,0.116,0.088,0.087,0.113,0.088,0.121,0.121,0.12,0.087,0.092,0.134,0.13,0.093,0.085,0.083,0.101,0.093,0.113,0.144,0.148,0.092,0.111,0.139,0.154,0.115,0.084
10.5,0.085,0.131,0.095,0.145,0.145,0.156,0.106,0.094,0.141,0.147,0.129,0.085,0.084,0.11,0.09,0.118,0.145,0.166,0.107,0.125,0.146,0.157,0.123,0.086,0.084,0.149,0.092,0.178,0.194,0.158,0.093,0.093,0.132,0.139,0.106,0.085,0.087,0.253,0.241,0.303,0.369,0.227,0.088,0.232,0.147,0.189,0.104,0.086,0.084,0.118,0.091,0.129,0.147,0.142,0.091,0.102,0.133,0.152,0.102,0.084,0.084,0.117,0.092,0.124,0.11,0.108,0.084,0.087,0.145,0.168,0.117,0.089,0.087,0.114,0.088,0.121,0.122,0.121,0.088,0.093,0.136,0.132,0.093,0.085,0.083,0.101,0.093,0.113,0.143,0.146,0.092,0.111,0.141,0.157,0.116,0.084
10.66666667,0.085,0.134,0.095,0.146,0.147,0.158,0.106,0.094,0.141,0.148,0.131,0.085,0.084,0.111,0.09,0.119,0.147,0.168,0.108,0.127,0.15,0.159,0.125,0.085,0.084,0.152,0.093,0.181,0.2,0.162,0.094,0.093,0.135,0.14,0.107,0.085,0.088,0.256,0.244,0.31,0.373,0.233,0.088,0.234,0.15,0.192,0.104,0.086,0.085,0.12,0.091,0.13,0.147,0.143,0.092,0.103,0.135,0.154,0.103,0.085,0.084,0.121,0.092,0.125,0.11,0.11,0.084,0.087,0.146,0.17,0.118,0.088,0.087,0.115,0.088,0.122,0.124,0.124,0.088,0.093,0.136,0.132,0.094,0.085,0.083,0.103,0.093,0.114,0.144,0.149,0.092,0.112,0.142,0.158,0.117,0.084
10.83333333,0.085,0.135,0.095,0.148,0.149,0.161,0.108,0.095,0.144,0.15,0.132,0.085,0.084,0.112,0.091,0.12,0.15,0.17,0.11,0.129,0.153,0.158,0.127,0.085,0.084,0.154,0.093,0.187,0.205,0.165,0.095,0.094,0.135,0.138,0.108,0.085,0.087,0.262,0.247,0.318,0.382,0.239,0.088,0.236,0.152,0.197,0.106,0.086,0.085,0.122,0.091,0.129,0.152,0.145,0.092,0.104,0.137,0.156,0.103,0.084,0.084,0.12,0.092,0.125,0.111,0.111,0.084,0.087,0.147,0.172,0.119,0.088,0.088,0.116,0.089,0.122,0.124,0.121,0.088,0.093,0.136,0.134,0.094,0.085,0.083,0.103,0.094,0.115,0.146,0.149,0.093,0.112,0.143,0.158,0.117,0.084
11,0.085,0.139,0.096,0.152,0.152,0.159,0.109,0.096,0.144,0.152,0.134,0.085,0.084,0.113,0.091,0.121,0.154,0.173,0.111,0.131,0.157,0.161,0.128,0.086,0.084,0.157,0.094,0.191,0.208,0.168,0.096,0.095,0.14,0.144,0.109,0.085,0.088,0.271,0.25,0.324,0.39,0.242,0.089,0.239,0.154,0.201,0.106,0.086,0.085,0.123,0.091,0.131,0.152,0.146,0.092,0.105,0.138,0.159,0.104,0.085,0.084,0.12,0.093,0.127,0.113,0.112,0.084,0.087,0.148,0.175,0.12,0.089,0.088,0.118,0.089,0.123,0.126,0.126,0.088,0.094,0.137,0.133,0.095,0.085,0.083,0.104,0.094,0.116,0.148,0.149,0.093,0.113,0.144,0.161,0.119,0.084
11.16666667,0.085,0.14,0.096,0.153,0.153,0.162,0.11,0.096,0.147,0.153,0.137,0.086,0.085,0.114,0.092,0.122,0.157,0.175,0.113,0.133,0.16,0.165,0.129,0.086,0.084,0.16,0.095,0.196,0.212,0.17,0.096,0.096,0.139,0.145,0.109,0.085,0.088,0.274,0.252,0.332,0.399,0.248,0.089,0.241,0.156,0.205,0.107,0.086,0.085,0.126,0.091,0.133,0.156,0.148,0.093,0.106,0.141,0.161,0.105,0.085,0.084,0.122,0.094,0.128,0.114,0.113,0.084,0.088,0.152,0.178,0.123,0.089,0.088,0.12,0.089,0.124,0.127,0.126,0.089,0.094,0.136,0.135,0.096,0.085,0.083,0.105,0.095,0.116,0.154,0.151,0.094,0.114,0.146,0.166,0.121,0.084
11.33333333,0.085,0.143,0.097,0.156,0.155,0.164,0.111,0.097,0.148,0.156,0.138,0.086,0.085,0.115,0.092,0.124,0.159,0.178,0.114,0.135,0.166,0.162,0.131,0.086,0.084,0.164,0.096,0.202,0.218,0.172,0.097,0.097,0.141,0.15,0.111,0.085,0.088,0.283,0.256,0.34,0.406,0.251,0.09,0.244,0.16,0.21,0.109,0.086,0.085,0.127,0.092,0.134,0.159,0.15,0.094,0.108,0.143,0.163,0.107,0.085,0.084,0.123,0.094,0.129,0.115,0.114,0.084,0.087,0.153,0.181,0.125,0.089,0.087,0.121,0.09,0.125,0.129,0.129,0.089,0.095,0.137,0.136,0.097,0.085,0.083,0.105,0.095,0.118,0.155,0.154,0.094,0.116,0.148,0.168,0.121,0.084
11.5,0.085,0.145,0.098,0.159,0.159,0.165,0.113,0.097,0.152,0.16,0.141,0.086,0.085,0.116,0.094,0.124,0.162,0.18,0.116,0.137,0.173,0.164,0.133,0.086,0.084,0.168,0.097,0.209,0.224,0.175,0.098,0.097,0.146,0.153,0.112,0.086,0.088,0.287,0.26,0.349,0.413,0.256,0.09,0.246,0.163,0.215,0.109,0.086,0.085,0.13,0.093,0.136,0.16,0.152,0.094,0.109,0.144,0.164,0.107,0.085,0.084,0.126,0.096,0.13,0.116,0.115,0.085,0.088,0.153,0.184,0.126,0.089,0.087,0.122,0.09,0.125,0.129,0.129,0.09,0.095,0.139,0.138,0.097,0.085,0.083,0.107,0.096,0.119,0.156,0.155,0.095,0.116,0.149,0.173,0.123,0.084
11.66666667,0.085,0.147,0.098,0.162,0.161,0.167,0.114,0.098,0.153,0.163,0.144,0.086,0.085,0.117,0.094,0.125,0.164,0.182,0.117,0.139,0.177,0.165,0.134,0.086,0.084,0.172,0.097,0.215,0.229,0.177,0.098,0.098,0.146,0.153,0.113,0.085,0.088,0.293,0.262,0.359,0.422,0.26,0.09,0.248,0.167,0.219,0.11,0.086,0.085,0.132,0.093,0.138,0.162,0.153,0.094,0.11,0.147,0.166,0.108,0.085,0.084,0.136,0.096,0.132,0.118,0.115,0.085,0.088,0.156,0.187,0.128,0.089,0.087,0.124,0.09,0.126,0.131,0.132,0.09,0.096,0.139,0.138,0.097,0.085,0.083,0.107,0.096,0.12,0.162,0.158,0.096,0.116,0.15,0.177,0.124,0.085
11.83333333,0.085,0.149,0.099,0.166,0.164,0.168,0.116,0.099,0.155,0.165,0.145,0.086,0.085,0.118,0.095,0.125,0.169,0.184,0.119,0.141,0.181,0.168,0.136,0.086,0.084,0.176,0.098,0.221,0.233,0.179,0.099,0.099,0.149,0.16,0.113,0.085,0.088,0.299,0.266,0.368,0.431,0.266,0.091,0.251,0.168,0.223,0.111,0.086,0.085,0.135,0.093,0.138,0.166,0.156,0.095,0.111,0.149,0.168,0.109,0.085,0.084,0.13,0.096,0.134,0.119,0.118,0.084,0.088,0.158,0.191,0.13,0.089,0.088,0.125,0.09,0.127,0.133,0.129,0.089,0.096,0.139,0.14,0.098,0.085,0.083,0.109,0.097,0.121,0.172,0.16,0.095,0.118,0.152,0.183,0.126,0.084
12,0.086,0.152,0.099,0.171,0.168,0.169,0.118,0.099,0.157,0.167,0.148,0.086,0.085,0.119,0.095,0.127,0.169,0.186,0.12,0.143,0.185,0.172,0.137,0.086,0.085,0.18,0.099,0.229,0.235,0.184,0.1,0.1,0.15,0.158,0.114,0.085,0.088,0.305,0.269,0.381,0.44,0.27,0.092,0.254,0.17,0.229,0.111,0.086,0.085,0.137,0.093,0.14,0.169,0.157,0.095,0.113,0.152,0.169,0.11,0.085,0.084,0.135,0.097,0.136,0.12,0.116,0.085,0.088,0.158,0.193,0.132,0.089,0.088,0.126,0.091,0.127,0.134,0.132,0.09,0.097,0.141,0.141,0.099,0.086,0.083,0.109,0.097,0.123,0.176,0.163,0.096,0.119,0.154,0.184,0.126,0.084
12.16666667,0.086,0.155,0.1,0.174,0.168,0.17,0.12,0.1,0.159,0.171,0.15,0.086,0.085,0.121,0.097,0.127,0.175,0.189,0.122,0.146,0.194,0.177,0.139,0.086,0.084,0.185,0.101,0.238,0.241,0.184,0.101,0.101,0.156,0.163,0.115,0.085,0.088,0.311,0.273,0.395,0.447,0.274,0.092,0.257,0.174,0.234,0.112,0.086,0.085,0.141,0.094,0.143,0.17,0.159,0.096,0.114,0.154,0.173,0.111,0.085,0.084,0.142,0.098,0.138,0.122,0.117,0.085,0.089,0.161,0.196,0.133,0.089,0.087,0.129,0.092,0.129,0.136,0.134,0.091,0.098,0.142,0.145,0.099,0.085,0.083,0.11,0.098,0.125,0.18,0.163,0.097,0.12,0.157,0.187,0.128,0.085
12.33333333,0.085,0.159,0.101,0.18,0.17,0.172,0.121,0.101,0.16,0.175,0.152,0.086,0.085,0.122,0.098,0.129,0.178,0.192,0.124,0.149,0.201,0.183,0.141,0.086,0.085,0.19,0.102,0.246,0.245,0.187,0.102,0.102,0.16,0.167,0.116,0.086,0.088,0.318,0.278,0.408,0.454,0.279,0.093,0.26,0.178,0.238,0.114,0.086,0.085,0.143,0.094,0.143,0.175,0.162,0.097,0.116,0.156,0.175,0.111,0.085,0.085,0.137,0.098,0.14,0.123,0.118,0.085,0.089,0.164,0.199,0.134,0.089,0.088,0.13,0.092,0.129,0.138,0.135,0.091,0.099,0.143,0.145,0.1,0.086,0.083,0.11,0.099,0.126,0.182,0.165,0.097,0.122,0.158,0.187,0.13,0.085
12.5,0.086,0.161,0.102,0.185,0.174,0.173,0.123,0.102,0.163,0.178,0.156,0.086,0.086,0.123,0.099,0.129,0.182,0.194,0.126,0.151,0.204,0.185,0.142,0.086,0.084,0.194,0.103,0.254,0.25,0.192,0.103,0.103,0.159,0.166,0.117,0.086,0.088,0.323,0.281,0.423,0.464,0.284,0.094,0.262,0.183,0.243,0.114,0.086,0.085,0.145,0.095,0.146,0.175,0.163,0.097,0.118,0.16,0.178,0.113,0.085,0.084,0.14,0.1,0.143,0.125,0.123,0.085,0.089,0.166,0.202,0.137,0.089,0.089,0.133,0.092,0.131,0.14,0.136,0.091,0.1,0.144,0.148,0.101,0.086,0.084,0.113,0.099,0.126,0.19,0.167,0.097,0.122,0.16,0.19,0.13,0.085
12.66666667,0.086,0.162,0.102,0.19,0.176,0.176,0.125,0.104,0.168,0.181,0.159,0.086,0.085,0.124,0.1,0.13,0.186,0.197,0.127,0.154,0.213,0.193,0.145,0.086,0.085,0.198,0.104,0.261,0.257,0.194,0.104,0.104,0.161,0.175,0.119,0.086,0.088,0.326,0.285,0.432,0.471,0.288,0.094,0.266,0.186,0.248,0.116,0.087,0.085,0.15,0.095,0.149,0.179,0.165,0.098,0.119,0.164,0.18,0.115,0.085,0.084,0.143,0.1,0.146,0.127,0.126,0.085,0.09,0.176,0.203,0.138,0.089,0.089,0.135,0.093,0.132,0.141,0.138,0.091,0.101,0.145,0.15,0.101,0.086,0.083,0.115,0.1,0.128,0.203,0.171,0.098,0.123,0.163,0.187,0.132,0.085
12.83333333,0.085,0.166,0.102,0.198,0.178,0.178,0.128,0.105,0.17,0.185,0.162,0.086,0.085,0.126,0.101,0.132,0.188,0.2,0.129,0.156,0.217,0.197,0.146,0.086,0.085,0.202,0.105,0.269,0.261,0.198,0.105,0.106,0.166,0.176,0.12,0.086,0.088,0.331,0.29,0.438,0.48,0.294,0.095,0.268,0.189,0.253,0.117,0.086,0.086,0.152,0.097,0.151,0.181,0.166,0.099,0.121,0.167,0.183,0.116,0.085,0.085,0.15,0.101,0.148,0.129,0.12,0.086,0.09,0.174,0.207,0.141,0.089,0.089,0.137,0.093,0.133,0.144,0.14,0.092,0.101,0.147,0.152,0.102,0.086,0.084,0.115,0.101,0.13,0.205,0.173,0.099,0.124,0.164,0.196,0.134,0.085
13,0.085,0.169,0.104,0.206,0.181,0.178,0.13,0.105,0.173,0.19,0.165,0.086,0.085,0.128,0.102,0.133,0.192,0.202,0.132,0.159,0.219,0.205,0.149,0.086,0.085,0.207,0.106,0.277,0.269,0.199,0.106,0.106,0.169,0.176,0.121,0.086,0.088,0.336,0.292,0.448,0.489,0.297,0.096,0.272,0.193,0.259,0.119,0.086,0.085,0.155,0.097,0.154,0.182,0.168,0.1,0.122,0.17,0.186,0.117,0.085,0.084,0.155,0.102,0.149,0.131,0.121,0.086,0.091,0.177,0.208,0.143,0.089,0.088,0.14,0.094,0.133,0.146,0.14,0.092,0.102,0.149,0.155,0.103,0.086,0.083,0.118,0.101,0.132,0.209,0.176,0.1,0.125,0.166,0.198,0.136,0.085
13.16666667,0.085,0.173,0.105,0.212,0.185,0.18,0.132,0.107,0.175,0.193,0.166,0.086,0.086,0.129,0.103,0.136,0.197,0.207,0.133,0.162,0.224,0.208,0.15,0.086,0.084,0.212,0.108,0.287,0.278,0.2,0.107,0.108,0.171,0.185,0.121,0.086,0.088,0.343,0.297,0.458,0.499,0.302,0.097,0.274,0.197,0.263,0.119,0.087,0.085,0.159,0.097,0.156,0.185,0.169,0.1,0.125,0.173,0.188,0.117,0.085,0.084,0.154,0.104,0.152,0.132,0.125,0.086,0.091,0.18,0.208,0.145,0.089,0.089,0.142,0.094,0.135,0.148,0.14,0.092,0.103,0.151,0.154,0.104,0.086,0.083,0.118,0.102,0.133,0.21,0.178,0.101,0.126,0.17,0.202,0.136,0.086
13.33333333,0.086,0.176,0.106,0.221,0.19,0.184,0.134,0.108,0.178,0.197,0.171,0.086,0.086,0.131,0.104,0.136,0.203,0.209,0.135,0.165,0.23,0.212,0.152,0.086,0.085,0.216,0.109,0.295,0.289,0.205,0.108,0.109,0.175,0.183,0.123,0.086,0.089,0.349,0.3,0.472,0.508,0.308,0.097,0.278,0.201,0.27,0.12,0.087,0.086,0.163,0.099,0.158,0.187,0.168,0.101,0.127,0.178,0.191,0.119,0.085,0.085,0.156,0.105,0.154,0.134,0.123,0.086,0.091,0.183,0.21,0.148,0.09,0.089,0.145,0.095,0.136,0.151,0.142,0.093,0.105,0.153,0.156,0.105,0.086,0.084,0.119,0.102,0.135,0.208,0.179,0.102,0.128,0.171,0.205,0.137,0.085
13.5,0.086,0.182,0.107,0.229,0.199,0.186,0.137,0.109,0.181,0.201,0.175,0.086,0.086,0.133,0.106,0.138,0.206,0.212,0.137,0.168,0.235,0.218,0.154,0.087,0.085,0.222,0.11,0.304,0.298,0.21,0.109,0.111,0.177,0.191,0.123,0.086,0.089,0.355,0.305,0.477,0.519,0.311,0.098,0.281,0.206,0.277,0.121,0.087,0.085,0.167,0.099,0.162,0.191,0.17,0.102,0.129,0.182,0.193,0.12,0.085,0.085,0.168,0.106,0.157,0.136,0.124,0.086,0.092,0.187,0.214,0.15,0.09,0.088,0.149,0.095,0.137,0.155,0.143,0.093,0.106,0.155,0.159,0.106,0.086,0.084,0.121,0.103,0.137,0.215,0.187,0.102,0.128,0.176,0.207,0.139,0.085
13.66666667,0.087,0.186,0.109,0.237,0.2,0.189,0.139,0.111,0.185,0.204,0.179,0.086,0.086,0.135,0.107,0.141,0.212,0.216,0.139,0.171,0.241,0.222,0.156,0.087,0.085,0.227,0.112,0.316,0.308,0.211,0.11,0.112,0.178,0.196,0.125,0.086,0.089,0.361,0.31,0.488,0.527,0.316,0.099,0.284,0.21,0.282,0.123,0.087,0.085,0.172,0.101,0.164,0.195,0.172,0.102,0.13,0.186,0.196,0.121,0.085,0.085,0.163,0.106,0.16,0.138,0.125,0.086,0.092,0.193,0.215,0.153,0.09,0.089,0.152,0.095,0.138,0.158,0.144,0.093,0.106,0.157,0.16,0.106,0.086,0.083,0.124,0.103,0.139,0.212,0.187,0.103,0.131,0.176,0.211,0.14,0.086
13.83333333,0.086,0.19,0.109,0.248,0.204,0.192,0.141,0.112,0.189,0.208,0.182,0.086,0.086,0.136,0.108,0.143,0.216,0.22,0.141,0.174,0.245,0.226,0.159,0.087,0.085,0.233,0.113,0.325,0.318,0.213,0.111,0.113,0.188,0.201,0.126,0.086,0.089,0.368,0.314,0.495,0.537,0.32,0.099,0.287,0.214,0.288,0.124,0.087,0.086,0.176,0.102,0.167,0.2,0.174,0.103,0.133,0.188,0.2,0.122,0.086,0.085,0.168,0.108,0.162,0.14,0.125,0.086,0.093,0.194,0.218,0.158,0.09,0.09,0.154,0.096,0.139,0.162,0.145,0.094,0.107,0.16,0.161,0.107,0.086,0.085,0.124,0.104,0.141,0.214,0.189,0.103,0.132,0.181,0.213,0.142,0.086
14,0.086,0.194,0.11,0.257,0.209,0.196,0.145,0.114,0.193,0.211,0.184,0.087,0.086,0.139,0.11,0.145,0.223,0.223,0.143,0.177,0.249,0.228,0.161,0.087,0.085,0.237,0.115,0.336,0.329,0.218,0.113,0.115,0.191,0.203,0.127,0.086,0.089,0.376,0.319,0.506,0.549,0.326,0.101,0.291,0.22,0.293,0.126,0.087,0.086,0.18,0.102,0.17,0.203,0.174,0.104,0.135,0.195,0.2,0.124,0.085,0.085,0.169,0.109,0.165,0.143,0.13,0.086,0.094,0.197,0.22,0.16,0.091,0.089,0.158,0.097,0.141,0.169,0.148,0.095,0.108,0.162,0.163,0.108,0.086,0.085,0.125,0.105,0.142,0.223,0.191,0.105,0.135,0.185,0.218,0.146,0.086
14.16666667,0.087,0.197,0.111,0.266,0.213,0.198,0.148,0.116,0.197,0.215,0.187,0.086,0.086,0.141,0.111,0.147,0.229,0.227,0.144,0.181,0.254,0.234,0.163,0.087,0.086,0.245,0.117,0.346,0.341,0.22,0.114,0.117,0.192,0.205,0.128,0.086,0.09,0.383,0.324,0.516,0.556,0.328,0.102,0.294,0.224,0.298,0.127,0.087,0.085,0.185,0.103,0.174,0.207,0.175,0.105,0.138,0.197,0.201,0.126,0.086,0.085,0.176,0.111,0.168,0.145,0.132,0.087,0.094,0.202,0.223,0.163,0.09,0.089,0.162,0.097,0.143,0.172,0.152,0.095,0.109,0.166,0.167,0.108,0.086,0.084,0.129,0.105,0.144,0.228,0.199,0.106,0.136,0.188,0.218,0.15,0.086
14.33333333,0.086,0.202,0.112,0.277,0.22,0.202,0.151,0.118,0.202,0.221,0.189,0.086,0.086,0.144,0.113,0.149,0.236,0.229,0.147,0.185,0.259,0.238,0.166,0.087,0.086,0.251,0.119,0.356,0.353,0.226,0.115,0.119,0.202,0.207,0.13,0.086,0.089,0.39,0.33,0.527,0.569,0.333,0.103,0.298,0.23,0.305,0.128,0.087,0.086,0.191,0.105,0.178,0.211,0.179,0.106,0.14,0.203,0.203,0.127,0.086,0.085,0.181,0.113,0.172,0.148,0.132,0.087,0.094,0.208,0.222,0.167,0.09,0.09,0.165,0.1,0.144,0.176,0.154,0.096,0.11,0.166,0.169,0.11,0.086,0.085,0.13,0.106,0.145,0.236,0.199,0.107,0.135,0.189,0.227,0.152,0.086
14.5,0.087,0.206,0.114,0.286,0.226,0.207,0.154,0.121,0.207,0.223,0.191,0.087,0.086,0.146,0.115,0.152,0.244,0.233,0.149,0.187,0.264,0.245,0.169,0.087,0.086,0.256,0.122,0.367,0.365,0.227,0.117,0.121,0.199,0.213,0.131,0.087,0.09,0.398,0.334,0.534,0.579,0.34,0.104,0.301,0.235,0.31,0.129,0.087,0.086,0.196,0.108,0.181,0.216,0.18,0.107,0.143,0.206,0.204,0.129,0.086,0.085,0.186,0.115,0.175,0.151,0.135,0.087,0.096,0.214,0.226,0.17,0.09,0.09,0.169,0.101,0.146,0.179,0.156,0.096,0.11,0.169,0.167,0.111,0.087,0.085,0.133,0.106,0.149,0.238,0.201,0.109,0.137,0.192,0.227,0.158,0.086
14.66666667,0.086,0.21,0.116,0.297,0.233,0.21,0.158,0.124,0.213,0.226,0.195,0.087,0.086,0.149,0.116,0.155,0.253,0.239,0.151,0.191,0.269,0.25,0.172,0.087,0.086,0.261,0.123,0.378,0.378,0.231,0.118,0.123,0.206,0.224,0.132,0.087,0.089,0.407,0.34,0.545,0.589,0.344,0.105,0.305,0.241,0.315,0.132,0.087,0.086,0.203,0.107,0.185,0.22,0.181,0.109,0.147,0.213,0.205,0.129,0.086,0.085,0.191,0.116,0.179,0.154,0.133,0.088,0.096,0.219,0.225,0.174,0.09,0.089,0.174,0.101,0.148,0.183,0.158,0.097,0.112,0.173,0.169,0.112,0.086,0.085,0.135,0.107,0.151,0.249,0.2,0.109,0.139,0.195,0.234,0.159,0.085
14.83333333,0.086,0.215,0.117,0.308,0.242,0.212,0.162,0.129,0.222,0.231,0.196,0.087,0.086,0.153,0.118,0.157,0.26,0.241,0.154,0.195,0.276,0.255,0.175,0.087,0.086,0.267,0.126,0.392,0.394,0.234,0.12,0.125,0.214,0.222,0.134,0.087,0.089,0.416,0.345,0.558,0.601,0.347,0.107,0.309,0.246,0.322,0.133,0.087,0.086,0.211,0.111,0.189,0.226,0.183,0.11,0.152,0.218,0.208,0.132,0.086,0.085,0.196,0.117,0.183,0.158,0.134,0.088,0.097,0.225,0.23,0.177,0.09,0.09,0.178,0.102,0.15,0.186,0.16,0.098,0.112,0.174,0.171,0.113,0.087,0.085,0.136,0.107,0.156,0.254,0.207,0.111,0.141,0.199,0.233,0.162,0.086
15,0.087,0.221,0.119,0.32,0.247,0.22,0.166,0.131,0.229,0.234,0.199,0.087,0.086,0.156,0.119,0.16,0.269,0.246,0.156,0.199,0.283,0.259,0.177,0.087,0.086,0.273,0.128,0.405,0.409,0.237,0.121,0.127,0.219,0.229,0.136,0.087,0.09,0.426,0.351,0.571,0.613,0.35,0.109,0.313,0.253,0.325,0.134,0.088,0.086,0.22,0.111,0.194,0.232,0.187,0.111,0.154,0.223,0.211,0.134,0.086,0.085,0.202,0.119,0.186,0.163,0.137,0.088,0.099,0.231,0.232,0.181,0.09,0.09,0.184,0.104,0.151,0.194,0.162,0.098,0.113,0.178,0.172,0.114,0.087,0.085,0.139,0.108,0.157,0.262,0.212,0.112,0.143,0.203,0.233,0.163,0.086
15.16666667,0.087,0.226,0.121,0.331,0.256,0.221,0.171,0.134,0.233,0.237,0.202,0.087,0.086,0.159,0.121,0.162,0.276,0.251,0.159,0.203,0.287,0.264,0.18,0.087,0.086,0.28,0.13,0.416,0.429,0.242,0.123,0.129,0.221,0.232,0.137,0.087,0.09,0.436,0.359,0.586,0.625,0.356,0.11,0.317,0.26,0.328,0.136,0.087,0.085,0.229,0.112,0.2,0.236,0.191,0.113,0.158,0.226,0.214,0.136,0.086,0.085,0.208,0.12,0.19,0.165,0.137,0.088,0.099,0.235,0.241,0.184,0.09,0.09,0.19,0.103,0.153,0.199,0.163,0.098,0.114,0.182,0.175,0.115,0.086,0.085,0.141,0.109,0.159,0.262,0.221,0.113,0.145,0.206,0.235,0.165,0.086
15.33333333,0.087,0.232,0.123,0.343,0.26,0.226,0.173,0.138,0.244,0.239,0.207,0.087,0.086,0.164,0.124,0.164,0.287,0.254,0.162,0.207,0.294,0.269,0.183,0.087,0.086,0.286,0.132,0.43,0.442,0.245,0.125,0.131,0.228,0.235,0.139,0.087,0.091,0.448,0.364,0.597,0.639,0.36,0.112,0.321,0.266,0.331,0.137,0.088,0.087,0.239,0.114,0.204,0.244,0.191,0.114,0.163,0.231,0.217,0.139,0.086,0.086,0.214,0.122,0.194,0.17,0.14,0.089,0.1,0.24,0.242,0.185,0.09,0.09,0.197,0.105,0.156,0.204,0.166,0.099,0.115,0.185,0.177,0.116,0.087,0.085,0.142,0.11,0.163,0.266,0.22,0.114,0.147,0.211,0.236,0.169,0.086
15.5,0.087,0.239,0.124,0.355,0.268,0.232,0.177,0.143,0.25,0.243,0.212,0.087,0.086,0.168,0.126,0.169,0.293,0.26,0.164,0.21,0.301,0.273,0.186,0.087,0.085,0.293,0.134,0.444,0.458,0.25,0.126,0.134,0.236,0.237,0.14,0.087,0.09,0.46,0.37,0.623,0.654,0.365,0.113,0.326,0.27,0.334,0.14,0.087,0.087,0.25,0.115,0.209,0.246,0.195,0.115,0.168,0.238,0.22,0.139,0.086,0.085,0.221,0.124,0.199,0.177,0.141,0.088,0.1,0.243,0.243,0.189,0.09,0.089,0.205,0.105,0.158,0.206,0.167,0.1,0.116,0.188,0.179,0.115,0.087,0.085,0.145,0.11,0.166,0.27,0.225,0.115,0.148,0.216,0.237,0.172,0.085
15.66666667,0.088,0.246,0.125,0.367,0.277,0.237,0.182,0.149,0.257,0.245,0.216,0.087,0.087,0.172,0.128,0.173,0.302,0.265,0.168,0.214,0.308,0.276,0.189,0.087,0.086,0.3,0.137,0.457,0.475,0.256,0.128,0.135,0.238,0.242,0.143,0.087,0.091,0.473,0.375,0.635,0.678,0.372,0.115,0.332,0.275,0.336,0.142,0.087,0.087,0.26,0.117,0.215,0.255,0.198,0.117,0.173,0.244,0.219,0.141,0.086,0.086,0.228,0.127,0.204,0.181,0.144,0.089,0.102,0.248,0.245,0.193,0.09,0.09,0.214,0.108,0.16,0.208,0.169,0.1,0.117,0.19,0.182,0.117,0.087,0.086,0.147,0.111,0.17,0.276,0.231,0.116,0.15,0.224,0.24,0.177,0.086
15.83333333,0.087,0.254,0.126,0.379,0.284,0.24,0.186,0.155,0.268,0.249,0.216,0.087,0.086,0.176,0.13,0.176,0.312,0.27,0.17,0.218,0.315,0.281,0.191,0.087,0.086,0.308,0.139,0.47,0.49,0.26,0.129,0.137,0.244,0.248,0.145,0.087,0.091,0.487,0.38,0.665,0.699,0.378,0.116,0.338,0.282,0.341,0.144,0.087,0.086,0.272,0.119,0.22,0.266,0.202,0.119,0.177,0.25,0.224,0.144,0.086,0.086,0.235,0.129,0.208,0.186,0.144,0.09,0.102,0.253,0.249,0.195,0.09,0.09,0.222,0.106,0.161,0.209,0.17,0.101,0.118,0.193,0.183,0.119,0.087,0.085,0.149,0.112,0.175,0.285,0.233,0.117,0.151,0.228,0.241,0.18,0.085
16,0.087,0.265,0.128,0.392,0.293,0.244,0.19,0.158,0.283,0.25,0.214,0.087,0.086,0.181,0.132,0.18,0.323,0.277,0.173,0.222,0.322,0.287,0.193,0.088,0.086,0.317,0.142,0.483,0.507,0.265,0.132,0.139,0.252,0.25,0.147,0.087,0.09,0.503,0.386,0.685,0.722,0.383,0.117,0.344,0.289,0.342,0.145,0.088,0.086,0.284,0.119,0.227,0.274,0.206,0.12,0.184,0.255,0.22,0.147,0.087,0.086,0.243,0.131,0.213,0.191,0.146,0.09,0.104,0.258,0.253,0.197,0.09,0.09,0.232,0.107,0.163,0.214,0.172,0.102,0.12,0.197,0.184,0.12,0.087,0.086,0.151,0.113,0.178,0.289,0.237,0.12,0.153,0.233,0.242,0.186,0.086
16.16666667,0.088,0.274,0.129,0.404,0.303,0.25,0.194,0.166,0.288,0.254,0.215,0.087,0.086,0.185,0.134,0.185,0.334,0.284,0.176,0.224,0.328,0.291,0.196,0.087,0.086,0.326,0.144,0.497,0.524,0.271,0.134,0.141,0.257,0.256,0.149,0.087,0.091,0.522,0.391,0.705,0.739,0.391,0.119,0.349,0.296,0.342,0.148,0.088,0.087,0.296,0.121,0.234,0.281,0.205,0.122,0.187,0.261,0.221,0.145,0.086,0.086,0.252,0.133,0.219,0.196,0.148,0.09,0.105,0.266,0.26,0.202,0.09,0.089,0.24,0.109,0.166,0.218,0.175,0.103,0.12,0.199,0.187,0.12,0.087,0.086,0.156,0.114,0.18,0.295,0.242,0.12,0.156,0.235,0.242,0.191,0.085
16.33333333,0.088,0.286,0.131,0.417,0.315,0.256,0.2,0.172,0.3,0.256,0.217,0.087,0.087,0.19,0.137,0.189,0.35,0.291,0.179,0.228,0.336,0.296,0.2,0.088,0.086,0.335,0.148,0.508,0.546,0.276,0.136,0.144,0.26,0.253,0.153,0.087,0.091,0.541,0.397,0.73,0.758,0.398,0.121,0.355,0.301,0.343,0.15,0.088,0.087,0.309,0.123,0.242,0.289,0.21,0.124,0.193,0.267,0.222,0.15,0.086,0.086,0.261,0.136,0.225,0.204,0.15,0.091,0.106,0.272,0.26,0.205,0.091,0.09,0.251,0.109,0.17,0.222,0.178,0.104,0.121,0.201,0.19,0.123,0.087,0.086,0.159,0.115,0.186,0.302,0.24,0.121,0.161,0.242,0.24,0.195,0.086
16.5,0.087,0.297,0.133,0.431,0.331,0.261,0.202,0.177,0.309,0.259,0.218,0.087,0.087,0.195,0.14,0.195,0.361,0.298,0.182,0.232,0.343,0.301,0.201,0.088,0.086,0.346,0.151,0.521,0.562,0.283,0.138,0.146,0.27,0.255,0.154,0.087,0.091,0.56,0.405,0.759,0.777,0.403,0.122,0.361,0.31,0.352,0.153,0.088,0.087,0.323,0.125,0.25,0.301,0.214,0.126,0.197,0.275,0.221,0.151,0.087,0.086,0.27,0.138,0.231,0.211,0.153,0.091,0.107,0.28,0.262,0.21,0.09,0.09,0.261,0.111,0.172,0.226,0.182,0.105,0.123,0.204,0.19,0.123,0.087,0.086,0.162,0.117,0.19,0.312,0.248,0.123,0.166,0.252,0.239,0.196,0.086
16.66666667,0.088,0.31,0.136,0.445,0.346,0.267,0.206,0.183,0.317,0.263,0.22,0.087,0.086,0.202,0.143,0.201,0.376,0.304,0.185,0.236,0.35,0.306,0.204,0.088,0.087,0.357,0.154,0.537,0.567,0.286,0.14,0.149,0.282,0.259,0.158,0.087,0.091,0.573,0.41,0.763,0.791,0.408,0.124,0.367,0.315,0.346,0.156,0.088,0.087,0.337,0.127,0.26,0.312,0.218,0.128,0.2,0.282,0.221,0.156,0.087,0.087,0.28,0.141,0.237,0.216,0.155,0.092,0.109,0.283,0.264,0.217,0.09,0.091,0.272,0.112,0.178,0.232,0.186,0.106,0.123,0.206,0.192,0.125,0.087,0.086,0.165,0.118,0.19,0.321,0.25,0.125,0.172,0.258,0.239,0.199,0.086
16.83333333,0.088,0.325,0.136,0.459,0.351,0.275,0.209,0.19,0.325,0.265,0.222,0.088,0.087,0.208,0.146,0.207,0.39,0.313,0.189,0.24,0.354,0.311,0.207,0.088,0.087,0.369,0.157,0.551,0.582,0.294,0.143,0.151,0.281,0.264,0.16,0.087,0.091,0.592,0.417,0.777,0.811,0.415,0.125,0.373,0.321,0.352,0.158,0.088,0.087,0.351,0.13,0.271,0.323,0.22,0.131,0.203,0.289,0.218,0.159,0.087,0.087,0.291,0.145,0.244,0.222,0.157,0.093,0.111,0.29,0.265,0.221,0.091,0.09,0.284,0.113,0.181,0.233,0.188,0.107,0.125,0.21,0.194,0.126,0.088,0.086,0.169,0.119,0.191,0.328,0.255,0.127,0.179,0.266,0.241,0.203,0.086
17,0.088,0.353,0.139,0.477,0.359,0.282,0.212,0.197,0.332,0.27,0.223,0.087,0.087,0.215,0.148,0.213,0.403,0.321,0.193,0.244,0.358,0.314,0.214,0.088,0.086,0.382,0.16,0.567,0.602,0.301,0.144,0.155,0.286,0.267,0.163,0.087,0.09,0.608,0.422,0.808,0.825,0.422,0.127,0.379,0.329,0.354,0.161,0.088,0.088,0.366,0.132,0.281,0.347,0.226,0.133,0.209,0.297,0.223,0.161,0.087,0.087,0.302,0.148,0.251,0.226,0.159,0.092,0.112,0.286,0.266,0.226,0.09,0.09,0.295,0.113,0.186,0.24,0.191,0.107,0.127,0.209,0.196,0.128,0.088,0.086,0.173,0.121,0.196,0.335,0.258,0.128,0.186,0.276,0.241,0.204,0.086
17.16666667,0.088,0.371,0.141,0.49,0.376,0.293,0.219,0.204,0.343,0.271,0.224,0.088,0.087,0.223,0.152,0.221,0.418,0.332,0.196,0.248,0.365,0.319,0.22,0.088,0.087,0.396,0.163,0.587,0.624,0.306,0.147,0.158,0.294,0.272,0.166,0.088,0.091,0.624,0.429,0.828,0.839,0.428,0.13,0.386,0.34,0.357,0.163,0.088,0.088,0.384,0.136,0.296,0.36,0.231,0.136,0.215,0.305,0.224,0.164,0.087,0.087,0.314,0.152,0.259,0.229,0.161,0.093,0.114,0.295,0.264,0.228,0.09,0.09,0.309,0.115,0.192,0.252,0.196,0.108,0.129,0.215,0.198,0.131,0.087,0.086,0.178,0.122,0.203,0.344,0.26,0.129,0.194,0.282,0.237,0.205,0.086
17.33333333,0.088,0.397,0.145,0.504,0.386,0.301,0.221,0.211,0.359,0.273,0.226,0.088,0.087,0.234,0.156,0.228,0.439,0.342,0.202,0.253,0.374,0.325,0.226,0.088,0.087,0.411,0.167,0.611,0.637,0.315,0.15,0.161,0.302,0.277,0.168,0.088,0.091,0.637,0.434,0.832,0.846,0.435,0.131,0.392,0.346,0.359,0.165,0.088,0.088,0.399,0.14,0.312,0.365,0.234,0.138,0.221,0.313,0.225,0.165,0.087,0.088,0.327,0.155,0.268,0.233,0.164,0.094,0.115,0.304,0.266,0.232,0.091,0.091,0.321,0.116,0.199,0.26,0.195,0.109,0.132,0.222,0.202,0.132,0.088,0.086,0.183,0.123,0.209,0.357,0.264,0.132,0.202,0.29,0.237,0.209,0.086
17.5,0.088,0.404,0.147,0.519,0.402,0.31,0.223,0.22,0.367,0.275,0.227,0.088,0.086,0.244,0.16,0.237,0.456,0.352,0.206,0.258,0.381,0.33,0.231,0.088,0.087,0.426,0.171,0.624,0.651,0.322,0.152,0.165,0.313,0.277,0.172,0.088,0.091,0.649,0.441,0.854,0.856,0.441,0.133,0.399,0.354,0.358,0.17,0.089,0.088,0.425,0.145,0.327,0.371,0.24,0.14,0.227,0.322,0.229,0.168,0.087,0.087,0.338,0.158,0.277,0.238,0.166,0.094,0.117,0.313,0.264,0.233,0.09,0.091,0.335,0.117,0.205,0.27,0.198,0.109,0.136,0.219,0.202,0.134,0.088,0.086,0.189,0.124,0.214,0.368,0.267,0.133,0.209,0.296,0.24,0.21,0.086
17.66666667,0.088,0.434,0.15,0.539,0.415,0.32,0.227,0.228,0.379,0.274,0.227,0.088,0.087,0.255,0.163,0.245,0.473,0.364,0.21,0.263,0.391,0.334,0.23,0.088,0.087,0.447,0.174,0.638,0.668,0.329,0.154,0.168,0.324,0.282,0.173,0.088,0.091,0.651,0.448,0.866,0.868,0.448,0.135,0.407,0.366,0.36,0.172,0.088,0.088,0.452,0.15,0.344,0.386,0.245,0.143,0.233,0.335,0.226,0.172,0.087,0.088,0.359,0.162,0.287,0.242,0.169,0.095,0.119,0.324,0.267,0.235,0.09,0.091,0.353,0.119,0.211,0.281,0.2,0.108,0.14,0.222,0.205,0.137,0.088,0.086,0.195,0.125,0.22,0.383,0.271,0.135,0.217,0.298,0.238,0.213,0.086
17.83333333,0.089,0.445,0.155,0.554,0.435,0.329,0.231,0.236,0.388,0.277,0.227,0.088,0.087,0.268,0.166,0.253,0.492,0.376,0.214,0.268,0.402,0.338,0.228,0.088,0.087,0.462,0.178,0.651,0.682,0.338,0.157,0.171,0.333,0.284,0.176,0.088,0.091,0.648,0.454,0.877,0.88,0.454,0.137,0.413,0.375,0.361,0.173,0.088,0.088,0.461,0.156,0.362,0.386,0.251,0.145,0.238,0.348,0.229,0.175,0.087,0.088,0.381,0.166,0.297,0.247,0.171,0.095,0.121,0.335,0.266,0.236,0.09,0.091,0.372,0.12,0.219,0.292,0.202,0.109,0.145,0.219,0.208,0.139,0.088,0.086,0.201,0.127,0.227,0.402,0.276,0.135,0.225,0.299,0.242,0.214,0.086
18,0.088,0.463,0.16,0.57,0.45,0.341,0.236,0.244,0.404,0.284,0.23,0.088,0.087,0.281,0.169,0.265,0.516,0.391,0.218,0.274,0.416,0.344,0.242,0.088,0.087,0.475,0.182,0.67,0.692,0.347,0.16,0.176,0.344,0.322,0.179,0.088,0.091,0.68,0.462,0.888,0.886,0.46,0.138,0.421,0.383,0.359,0.176,0.089,0.087,0.483,0.162,0.384,0.4,0.256,0.148,0.244,0.361,0.228,0.178,0.087,0.088,0.396,0.171,0.309,0.254,0.173,0.095,0.123,0.347,0.267,0.239,0.09,0.09,0.39,0.122,0.227,0.308,0.202,0.11,0.15,0.23,0.208,0.14,0.088,0.086,0.208,0.13,0.234,0.417,0.282,0.134,0.234,0.304,0.245,0.213,0.086
18.16666667,0.089,0.479,0.165,0.592,0.464,0.353,0.242,0.253,0.413,0.287,0.23,0.088,0.087,0.296,0.173,0.276,0.528,0.407,0.224,0.279,0.421,0.345,0.246,0.088,0.087,0.502,0.186,0.69,0.702,0.355,0.162,0.181,0.352,0.324,0.182,0.088,0.091,0.699,0.469,0.887,0.893,0.465,0.139,0.427,0.392,0.366,0.178,0.088,0.088,0.504,0.169,0.399,0.412,0.262,0.15,0.25,0.373,0.232,0.179,0.087,0.088,0.418,0.175,0.322,0.264,0.176,0.096,0.125,0.363,0.268,0.242,0.09,0.091,0.412,0.124,0.237,0.322,0.204,0.11,0.156,0.235,0.211,0.142,0.088,0.086,0.216,0.133,0.243,0.433,0.287,0.136,0.242,0.309,0.245,0.215,0.087
18.33333333,0.089,0.5,0.171,0.615,0.485,0.362,0.251,0.262,0.426,0.293,0.233,0.088,0.087,0.323,0.176,0.288,0.556,0.429,0.23,0.285,0.43,0.346,0.246,0.088,0.087,0.518,0.19,0.709,0.713,0.367,0.164,0.185,0.361,0.333,0.185,0.088,0.092,0.703,0.477,0.903,0.898,0.475,0.142,0.434,0.4,0.376,0.178,0.089,0.088,0.515,0.176,0.42,0.427,0.269,0.153,0.257,0.384,0.232,0.177,0.087,0.088,0.416,0.18,0.337,0.275,0.176,0.096,0.127,0.379,0.269,0.247,0.091,0.091,0.439,0.126,0.247,0.337,0.204,0.112,0.163,0.24,0.209,0.146,0.088,0.087,0.225,0.135,0.252,0.448,0.292,0.138,0.251,0.316,0.246,0.215,0.086
18.5,0.088,0.517,0.178,0.643,0.503,0.373,0.259,0.273,0.441,0.3,0.237,0.088,0.087,0.347,0.18,0.3,0.578,0.442,0.235,0.291,0.441,0.349,0.246,0.088,0.087,0.527,0.194,0.74,0.726,0.376,0.165,0.187,0.367,0.339,0.188,0.088,0.091,0.717,0.483,0.925,0.904,0.484,0.143,0.441,0.41,0.381,0.179,0.089,0.088,0.514,0.184,0.445,0.442,0.275,0.154,0.263,0.395,0.232,0.184,0.087,0.088,0.444,0.186,0.354,0.287,0.178,0.096,0.129,0.393,0.266,0.248,0.091,0.092,0.458,0.128,0.258,0.352,0.202,0.111,0.169,0.246,0.213,0.148,0.088,0.087,0.234,0.138,0.263,0.466,0.3,0.14,0.26,0.324,0.245,0.212,0.086
18.66666667,0.089,0.538,0.186,0.675,0.52,0.384,0.266,0.285,0.454,0.298,0.238,0.088,0.087,0.368,0.184,0.314,0.596,0.454,0.24,0.296,0.448,0.354,0.246,0.088,0.087,0.547,0.198,0.776,0.739,0.386,0.168,0.189,0.377,0.342,0.191,0.088,0.092,0.726,0.489,0.942,0.909,0.491,0.146,0.449,0.419,0.389,0.18,0.089,0.089,0.52,0.191,0.469,0.458,0.283,0.157,0.271,0.406,0.234,0.182,0.087,0.088,0.45,0.191,0.368,0.3,0.179,0.096,0.131,0.408,0.268,0.251,0.09,0.092,0.466,0.131,0.27,0.372,0.206,0.111,0.176,0.25,0.215,0.15,0.088,0.086,0.243,0.142,0.274,0.483,0.305,0.142,0.268,0.334,0.244,0.217,0.087
18.83333333,0.089,0.548,0.195,0.705,0.539,0.397,0.273,0.311,0.467,0.3,0.241,0.088,0.088,0.373,0.188,0.329,0.616,0.471,0.243,0.302,0.458,0.36,0.249,0.089,0.087,0.568,0.203,0.785,0.754,0.397,0.17,0.189,0.387,0.356,0.191,0.088,0.091,0.739,0.496,0.958,0.915,0.5,0.148,0.464,0.431,0.391,0.182,0.089,0.089,0.538,0.199,0.497,0.473,0.293,0.16,0.28,0.419,0.236,0.184,0.087,0.088,0.467,0.198,0.386,0.313,0.179,0.097,0.133,0.424,0.268,0.252,0.09,0.092,0.486,0.135,0.284,0.399,0.205,0.112,0.185,0.256,0.217,0.153,0.088,0.087,0.254,0.146,0.29,0.5,0.313,0.143,0.278,0.345,0.244,0.215,0.087
19,0.089,0.581,0.207,0.745,0.555,0.407,0.281,0.304,0.478,0.304,0.245,0.088,0.088,0.401,0.191,0.346,0.635,0.489,0.248,0.308,0.468,0.362,0.25,0.089,0.087,0.58,0.208,0.8,0.761,0.407,0.172,0.191,0.399,0.355,0.192,0.088,0.092,0.752,0.503,0.974,0.921,0.505,0.15,0.479,0.441,0.391,0.182,0.089,0.089,0.556,0.208,0.521,0.489,0.302,0.163,0.293,0.428,0.237,0.19,0.087,0.088,0.473,0.206,0.402,0.327,0.179,0.098,0.136,0.44,0.271,0.255,0.09,0.092,0.5,0.138,0.299,0.415,0.203,0.113,0.195,0.262,0.218,0.155,0.088,0.086,0.266,0.151,0.307,0.516,0.32,0.146,0.287,0.355,0.246,0.217,0.087
19.16666667,0.088,0.595,0.229,0.761,0.573,0.419,0.288,0.314,0.488,0.304,0.248,0.088,0.087,0.427,0.195,0.361,0.654,0.497,0.25,0.313,0.477,0.369,0.253,0.088,0.087,0.594,0.213,0.813,0.765,0.42,0.175,0.194,0.41,0.359,0.191,0.088,0.091,0.765,0.508,0.989,0.927,0.518,0.152,0.492,0.453,0.393,0.183,0.088,0.088,0.568,0.229,0.545,0.504,0.31,0.165,0.303,0.439,0.237,0.191,0.087,0.088,0.483,0.213,0.422,0.341,0.182,0.098,0.138,0.455,0.267,0.257,0.09,0.092,0.526,0.143,0.317,0.44,0.207,0.114,0.203,0.268,0.218,0.157,0.088,0.087,0.28,0.156,0.327,0.532,0.33,0.149,0.298,0.367,0.249,0.219,0.087
19.33333333,0.089,0.604,0.234,0.772,0.586,0.433,0.295,0.337,0.5,0.305,0.251,0.088,0.087,0.454,0.199,0.377,0.67,0.511,0.254,0.323,0.486,0.365,0.253,0.088,0.087,0.61,0.218,0.835,0.771,0.433,0.178,0.201,0.422,0.36,0.193,0.088,0.091,0.779,0.515,1.001,0.935,0.527,0.154,0.5,0.459,0.394,0.184,0.089,0.088,0.571,0.242,0.568,0.52,0.321,0.168,0.31,0.455,0.238,0.195,0.087,0.088,0.499,0.221,0.441,0.356,0.189,0.099,0.141,0.469,0.268,0.26,0.09,0.092,0.537,0.148,0.336,0.459,0.208,0.115,0.211,0.278,0.22,0.159,0.088,0.086,0.304,0.163,0.338,0.553,0.336,0.152,0.316,0.374,0.25,0.222,0.087
19.5,0.088,0.622,0.238,0.783,0.599,0.447,0.303,0.354,0.513,0.308,0.254,0.088,0.088,0.471,0.204,0.393,0.684,0.529,0.258,0.334,0.494,0.369,0.255,0.088,0.086,0.617,0.224,0.842,0.778,0.447,0.18,0.206,0.433,0.364,0.195,0.088,0.092,0.792,0.52,1.011,0.941,0.536,0.156,0.514,0.468,0.395,0.185,0.089,0.089,0.575,0.246,0.589,0.53,0.332,0.171,0.324,0.459,0.238,0.198,0.087,0.088,0.501,0.229,0.459,0.373,0.191,0.1,0.144,0.486,0.269,0.262,0.09,0.092,0.54,0.153,0.353,0.467,0.209,0.116,0.221,0.287,0.224,0.163,0.088,0.086,0.325,0.17,0.355,0.566,0.341,0.157,0.327,0.382,0.253,0.222,0.087
19.66666667,0.089,0.637,0.24,0.788,0.609,0.459,0.312,0.369,0.527,0.308,0.258,0.088,0.088,0.47,0.209,0.408,0.693,0.532,0.262,0.335,0.502,0.368,0.257,0.088,0.087,0.627,0.231,0.871,0.786,0.463,0.183,0.21,0.44,0.371,0.199,0.088,0.091,0.811,0.524,1.018,0.948,0.547,0.158,0.519,0.481,0.395,0.186,0.089,0.088,0.588,0.255,0.601,0.544,0.342,0.174,0.334,0.47,0.238,0.2,0.087,0.088,0.519,0.238,0.479,0.389,0.195,0.101,0.148,0.507,0.268,0.265,0.09,0.091,0.553,0.159,0.377,0.495,0.211,0.117,0.245,0.295,0.227,0.165,0.088,0.087,0.342,0.179,0.379,0.586,0.351,0.161,0.335,0.39,0.25,0.224,0.086
19.83333333,0.089,0.642,0.239,0.809,0.62,0.472,0.32,0.382,0.539,0.305,0.261,0.088,0.087,0.505,0.214,0.427,0.702,0.541,0.265,0.333,0.504,0.375,0.258,0.088,0.085,0.639,0.238,0.879,0.792,0.477,0.185,0.214,0.445,0.373,0.202,0.088,0.091,0.839,0.529,1.023,0.954,0.558,0.16,0.529,0.493,0.394,0.185,0.089,0.088,0.595,0.283,0.623,0.555,0.353,0.177,0.342,0.482,0.24,0.201,0.087,0.088,0.535,0.255,0.498,0.407,0.199,0.101,0.153,0.523,0.267,0.265,0.09,0.092,0.569,0.164,0.395,0.51,0.214,0.118,0.258,0.307,0.229,0.167,0.088,0.086,0.357,0.188,0.401,0.6,0.371,0.166,0.351,0.401,0.251,0.225,0.087
20,0.089,0.66,0.252,0.827,0.628,0.485,0.33,0.395,0.557,0.305,0.266,0.088,0.087,0.523,0.22,0.449,0.71,0.549,0.269,0.336,0.516,0.378,0.26,0.089,0.087,0.661,0.245,0.892,0.798,0.493,0.188,0.218,0.459,0.377,0.205,0.088,0.091,0.851,0.539,1.027,0.961,0.567,0.162,0.543,0.508,0.395,0.187,0.089,0.088,0.607,0.287,0.641,0.563,0.366,0.181,0.351,0.492,0.24,0.204,0.088,0.088,0.548,0.255,0.515,0.425,0.204,0.102,0.158,0.544,0.271,0.264,0.09,0.092,0.585,0.172,0.416,0.523,0.215,0.12,0.265,0.32,0.233,0.17,0.089,0.087,0.372,0.198,0.424,0.613,0.367,0.172,0.367,0.412,0.252,0.23,0.086
20.16666667,0.088,0.681,0.271,0.847,0.637,0.493,0.339,0.403,0.572,0.308,0.27,0.088,0.088,0.537,0.226,0.467,0.718,0.557,0.273,0.342,0.525,0.378,0.26,0.089,0.086,0.681,0.253,0.906,0.805,0.501,0.19,0.223,0.468,0.382,0.208,0.088,0.091,0.876,0.542,1.033,0.966,0.581,0.164,0.557,0.523,0.396,0.187,0.089,0.088,0.621,0.302,0.665,0.57,0.382,0.186,0.36,0.508,0.241,0.206,0.087,0.088,0.556,0.274,0.538,0.442,0.205,0.103,0.163,0.567,0.272,0.264,0.09,0.093,0.594,0.18,0.445,0.541,0.218,0.121,0.283,0.334,0.231,0.176,0.088,0.086,0.383,0.207,0.432,0.634,0.376,0.178,0.373,0.426,0.249,0.232,0.086
20.33333333,0.088,0.7,0.284,0.868,0.648,0.505,0.349,0.421,0.586,0.308,0.274,0.088,0.088,0.564,0.231,0.49,0.726,0.565,0.277,0.351,0.537,0.379,0.263,0.088,0.087,0.707,0.261,0.919,0.812,0.517,0.193,0.228,0.481,0.387,0.211,0.088,0.091,0.91,0.551,1.039,0.975,0.591,0.166,0.568,0.545,0.395,0.188,0.089,0.088,0.636,0.318,0.686,0.582,0.397,0.19,0.367,0.522,0.242,0.207,0.087,0.088,0.567,0.291,0.553,0.455,0.209,0.104,0.169,0.586,0.27,0.267,0.09,0.092,0.61,0.189,0.458,0.564,0.224,0.123,0.303,0.348,0.235,0.177,0.089,0.086,0.396,0.218,0.458,0.648,0.386,0.184,0.379,0.439,0.253,0.231,0.086
20.5,0.089,0.718,0.302,0.892,0.659,0.523,0.359,0.435,0.6,0.31,0.279,0.088,0.088,0.568,0.238,0.52,0.733,0.572,0.281,0.357,0.55,0.384,0.264,0.088,0.087,0.732,0.27,0.932,0.82,0.527,0.195,0.233,0.492,0.39,0.214,0.088,0.091,0.914,0.556,1.046,0.981,0.603,0.168,0.588,0.556,0.396,0.189,0.089,0.088,0.649,0.339,0.709,0.592,0.41,0.195,0.379,0.538,0.243,0.211,0.087,0.088,0.579,0.287,0.565,0.469,0.212,0.105,0.175,0.607,0.269,0.269,0.09,0.092,0.619,0.2,0.479,0.585,0.23,0.124,0.325,0.357,0.237,0.178,0.088,0.087,0.419,0.23,0.473,0.658,0.397,0.191,0.389,0.452,0.252,0.236,0.086
20.66666667,0.089,0.736,0.319,0.918,0.667,0.535,0.366,0.449,0.613,0.312,0.29,0.088,0.088,0.575,0.245,0.548,0.743,0.581,0.286,0.373,0.564,0.388,0.265,0.089,0.087,0.771,0.278,0.944,0.826,0.541,0.197,0.24,0.507,0.393,0.215,0.089,0.091,0.92,0.562,1.053,0.987,0.609,0.17,0.592,0.57,0.395,0.189,0.089,0.088,0.673,0.358,0.73,0.603,0.423,0.199,0.393,0.557,0.245,0.211,0.087,0.088,0.594,0.31,0.581,0.484,0.217,0.106,0.182,0.624,0.27,0.288,0.09,0.092,0.641,0.222,0.499,0.604,0.233,0.125,0.335,0.366,0.239,0.179,0.088,0.086,0.434,0.242,0.484,0.668,0.407,0.197,0.402,0.466,0.251,0.238,0.086
20.83333333,0.089,0.772,0.337,0.936,0.676,0.54,0.375,0.455,0.629,0.316,0.301,0.088,0.088,0.585,0.253,0.57,0.75,0.586,0.291,0.386,0.578,0.39,0.267,0.089,0.086,0.791,0.286,0.953,0.834,0.561,0.199,0.246,0.521,0.394,0.217,0.088,0.091,0.928,0.57,1.061,0.994,0.619,0.172,0.606,0.583,0.397,0.19,0.089,0.089,0.689,0.365,0.753,0.611,0.43,0.203,0.403,0.571,0.246,0.213,0.087,0.088,0.604,0.327,0.6,0.502,0.223,0.107,0.19,0.641,0.273,0.295,0.091,0.092,0.671,0.243,0.524,0.611,0.238,0.126,0.353,0.377,0.239,0.183,0.088,0.087,0.433,0.264,0.499,0.678,0.419,0.203,0.414,0.483,0.253,0.241,0.086
21,0.089,0.775,0.361,0.944,0.69,0.547,0.387,0.458,0.641,0.312,0.306,0.088,0.088,0.615,0.26,0.59,0.757,0.594,0.296,0.403,0.592,0.394,0.269,0.088,0.087,0.808,0.297,0.958,0.844,0.571,0.201,0.249,0.532,0.399,0.219,0.088,0.091,0.936,0.581,1.071,1,0.628,0.174,0.611,0.597,0.396,0.192,0.089,0.087,0.696,0.383,0.767,0.62,0.439,0.208,0.406,0.591,0.247,0.214,0.088,0.088,0.624,0.344,0.62,0.52,0.228,0.109,0.203,0.667,0.273,0.325,0.09,0.092,0.683,0.256,0.551,0.615,0.244,0.127,0.353,0.39,0.24,0.187,0.088,0.087,0.436,0.276,0.515,0.689,0.43,0.21,0.423,0.498,0.254,0.245,0.087
21.16666667,0.089,0.789,0.376,0.95,0.701,0.554,0.406,0.475,0.648,0.315,0.306,0.088,0.088,0.634,0.268,0.614,0.767,0.601,0.302,0.432,0.607,0.396,0.271,0.089,0.087,0.831,0.309,0.965,0.854,0.578,0.204,0.259,0.546,0.403,0.221,0.088,0.091,0.94,0.591,1.079,1.013,0.637,0.176,0.617,0.609,0.397,0.194,0.089,0.089,0.717,0.399,0.782,0.63,0.449,0.213,0.419,0.608,0.246,0.216,0.088,0.088,0.677,0.363,0.638,0.545,0.235,0.11,0.213,0.679,0.273,0.3,0.09,0.093,0.694,0.265,0.572,0.637,0.249,0.129,0.36,0.401,0.242,0.192,0.088,0.088,0.451,0.295,0.533,0.703,0.443,0.217,0.434,0.513,0.256,0.25,0.086
21.33333333,0.089,0.815,0.391,0.955,0.716,0.56,0.422,0.48,0.656,0.318,0.315,0.088,0.088,0.66,0.278,0.63,0.776,0.607,0.307,0.439,0.625,0.395,0.273,0.088,0.087,0.84,0.309,0.972,0.865,0.585,0.206,0.268,0.559,0.405,0.222,0.088,0.091,0.946,0.596,1.086,1.025,0.644,0.179,0.644,0.631,0.398,0.196,0.088,0.089,0.745,0.406,0.792,0.644,0.456,0.225,0.426,0.618,0.247,0.217,0.087,0.088,0.708,0.38,0.657,0.57,0.241,0.111,0.221,0.689,0.272,0.302,0.09,0.092,0.717,0.293,0.592,0.646,0.257,0.13,0.372,0.414,0.243,0.196,0.088,0.087,0.468,0.311,0.553,0.712,0.453,0.226,0.469,0.528,0.258,0.254,0.086
21.5,0.09,0.841,0.408,0.963,0.732,0.564,0.434,0.485,0.665,0.317,0.329,0.088,0.089,0.68,0.287,0.643,0.787,0.614,0.313,0.447,0.645,0.4,0.276,0.088,0.087,0.855,0.317,0.978,0.876,0.589,0.208,0.278,0.574,0.409,0.224,0.088,0.091,0.951,0.6,1.093,1.032,0.654,0.183,0.651,0.638,0.399,0.198,0.089,0.089,0.759,0.419,0.803,0.658,0.461,0.235,0.435,0.627,0.248,0.22,0.088,0.088,0.713,0.399,0.676,0.578,0.248,0.112,0.226,0.714,0.273,0.305,0.09,0.092,0.756,0.307,0.614,0.655,0.263,0.132,0.383,0.43,0.244,0.2,0.088,0.087,0.487,0.324,0.571,0.722,0.464,0.234,0.472,0.541,0.26,0.259,0.086
21.66666667,0.089,0.856,0.429,0.971,0.745,0.57,0.449,0.494,0.674,0.32,0.329,0.088,0.089,0.695,0.296,0.656,0.791,0.623,0.319,0.471,0.656,0.401,0.28,0.088,0.087,0.872,0.332,0.986,0.884,0.594,0.21,0.279,0.585,0.411,0.226,0.088,0.092,0.957,0.6,1.103,1.037,0.665,0.186,0.66,0.647,0.399,0.201,0.089,0.089,0.762,0.435,0.814,0.67,0.464,0.241,0.452,0.634,0.25,0.222,0.087,0.088,0.728,0.408,0.695,0.589,0.255,0.114,0.244,0.732,0.274,0.31,0.09,0.093,0.761,0.311,0.632,0.667,0.271,0.134,0.389,0.447,0.245,0.207,0.088,0.087,0.502,0.337,0.587,0.734,0.477,0.243,0.505,0.546,0.258,0.262,0.086
21.83333333,0.089,0.86,0.456,0.984,0.76,0.579,0.464,0.524,0.682,0.32,0.328,0.088,0.089,0.714,0.31,0.672,0.801,0.63,0.325,0.483,0.659,0.398,0.283,0.089,0.087,0.881,0.349,0.996,0.89,0.599,0.212,0.297,0.596,0.413,0.227,0.088,0.092,0.965,0.604,1.111,1.041,0.671,0.19,0.669,0.645,0.399,0.203,0.089,0.089,0.768,0.445,0.824,0.686,0.468,0.244,0.461,0.641,0.251,0.224,0.088,0.088,0.746,0.421,0.714,0.598,0.262,0.115,0.26,0.755,0.276,0.313,0.09,0.093,0.767,0.327,0.657,0.677,0.279,0.136,0.4,0.465,0.245,0.208,0.088,0.087,0.518,0.35,0.615,0.743,0.495,0.252,0.527,0.551,0.264,0.269,0.086
22,0.089,0.863,0.471,1.001,0.775,0.588,0.478,0.534,0.693,0.321,0.328,0.088,0.088,0.731,0.323,0.688,0.812,0.637,0.331,0.492,0.666,0.401,0.289,0.089,0.087,0.891,0.365,1.01,0.895,0.603,0.215,0.304,0.601,0.416,0.229,0.088,0.092,0.971,0.608,1.117,1.045,0.68,0.194,0.675,0.653,0.4,0.205,0.089,0.088,0.774,0.448,0.835,0.699,0.472,0.253,0.476,0.647,0.251,0.225,0.088,0.089,0.755,0.436,0.727,0.612,0.268,0.116,0.276,0.773,0.273,0.317,0.09,0.091,0.773,0.343,0.69,0.688,0.288,0.139,0.409,0.484,0.247,0.212,0.088,0.087,0.53,0.366,0.639,0.755,0.512,0.262,0.53,0.557,0.258,0.274,0.086
22.16666667,0.088,0.868,0.483,1.014,0.781,0.595,0.495,0.555,0.706,0.32,0.33,0.088,0.088,0.741,0.329,0.71,0.825,0.646,0.337,0.512,0.672,0.404,0.292,0.088,0.087,0.898,0.382,1.019,0.898,0.61,0.217,0.32,0.608,0.417,0.231,0.088,0.091,0.979,0.613,1.121,1.048,0.681,0.197,0.68,0.658,0.4,0.209,0.089,0.089,0.781,0.456,0.846,0.714,0.475,0.267,0.49,0.653,0.251,0.227,0.088,0.088,0.769,0.452,0.749,0.622,0.273,0.118,0.29,0.79,0.274,0.325,0.09,0.092,0.78,0.361,0.705,0.699,0.299,0.141,0.424,0.503,0.247,0.217,0.088,0.086,0.547,0.376,0.655,0.766,0.525,0.271,0.537,0.563,0.265,0.28,0.086
22.33333333,0.089,0.873,0.494,1.025,0.791,0.603,0.507,0.572,0.719,0.32,0.335,0.088,0.088,0.762,0.331,0.734,0.837,0.652,0.344,0.521,0.678,0.406,0.296,0.088,0.088,0.904,0.399,1.026,0.901,0.616,0.22,0.328,0.612,0.419,0.232,0.088,0.091,0.989,0.62,1.125,1.05,0.687,0.201,0.685,0.662,0.4,0.211,0.089,0.089,0.791,0.464,0.859,0.725,0.48,0.283,0.504,0.661,0.252,0.23,0.088,0.088,0.779,0.455,0.764,0.634,0.278,0.119,0.299,0.814,0.274,0.333,0.09,0.092,0.788,0.382,0.722,0.709,0.31,0.145,0.436,0.521,0.248,0.219,0.088,0.087,0.573,0.39,0.663,0.779,0.536,0.281,0.547,0.57,0.263,0.286,0.086
22.5,0.089,0.88,0.502,1.039,0.8,0.611,0.521,0.582,0.731,0.324,0.344,0.088,0.089,0.786,0.346,0.755,0.845,0.658,0.351,0.542,0.684,0.407,0.3,0.089,0.087,0.911,0.411,1.033,0.904,0.624,0.223,0.343,0.621,0.423,0.234,0.088,0.092,1.005,0.626,1.128,1.054,0.692,0.205,0.691,0.669,0.401,0.214,0.089,0.089,0.799,0.468,0.876,0.735,0.486,0.299,0.518,0.67,0.254,0.232,0.088,0.089,0.787,0.459,0.775,0.645,0.284,0.121,0.312,0.831,0.275,0.338,0.09,0.092,0.797,0.39,0.736,0.721,0.32,0.15,0.459,0.536,0.249,0.221,0.088,0.087,0.585,0.403,0.673,0.8,0.552,0.29,0.556,0.573,0.263,0.294,0.086
22.66666667,0.089,0.885,0.511,1.051,0.805,0.618,0.526,0.59,0.741,0.322,0.349,0.088,0.089,0.804,0.365,0.773,0.85,0.666,0.354,0.554,0.692,0.408,0.303,0.089,0.088,0.92,0.423,1.043,0.906,0.631,0.226,0.36,0.626,0.423,0.237,0.088,0.092,1.016,0.633,1.131,1.056,0.696,0.208,0.7,0.678,0.402,0.217,0.089,0.089,0.808,0.477,0.889,0.741,0.492,0.315,0.533,0.678,0.255,0.238,0.088,0.089,0.795,0.465,0.786,0.659,0.289,0.122,0.333,0.85,0.276,0.344,0.09,0.092,0.807,0.397,0.748,0.731,0.335,0.154,0.512,0.545,0.249,0.225,0.088,0.087,0.607,0.41,0.686,0.821,0.56,0.299,0.567,0.581,0.267,0.301,0.086
22.83333333,0.089,0.894,0.522,1.059,0.811,0.627,0.533,0.597,0.747,0.325,0.356,0.088,0.089,0.82,0.372,0.789,0.855,0.676,0.355,0.573,0.7,0.408,0.308,0.089,0.087,0.924,0.446,1.053,0.908,0.636,0.228,0.373,0.634,0.426,0.241,0.088,0.092,1.028,0.639,1.134,1.059,0.702,0.212,0.708,0.689,0.402,0.221,0.089,0.089,0.817,0.485,0.901,0.747,0.5,0.33,0.544,0.687,0.256,0.241,0.088,0.089,0.801,0.471,0.796,0.67,0.295,0.124,0.351,0.87,0.278,0.352,0.09,0.093,0.821,0.403,0.761,0.743,0.349,0.159,0.534,0.551,0.25,0.235,0.088,0.087,0.636,0.416,0.708,0.843,0.574,0.309,0.568,0.592,0.263,0.311,0.086
23,0.089,0.9,0.534,1.065,0.816,0.633,0.543,0.606,0.752,0.325,0.36,0.088,0.088,0.828,0.389,0.803,0.858,0.685,0.362,0.579,0.703,0.411,0.313,0.088,0.087,0.933,0.456,1.06,0.91,0.644,0.231,0.388,0.646,0.428,0.245,0.088,0.091,1.038,0.645,1.136,1.06,0.708,0.216,0.719,0.7,0.402,0.225,0.088,0.089,0.833,0.493,0.913,0.752,0.505,0.346,0.563,0.703,0.257,0.244,0.088,0.088,0.809,0.479,0.807,0.684,0.301,0.126,0.37,0.881,0.279,0.358,0.09,0.092,0.84,0.412,0.773,0.764,0.365,0.164,0.563,0.555,0.251,0.231,0.088,0.087,0.671,0.422,0.73,0.854,0.589,0.317,0.575,0.6,0.264,0.32,0.086
23.16666667,0.09,0.911,0.547,1.071,0.822,0.641,0.555,0.618,0.755,0.327,0.365,0.088,0.089,0.834,0.403,0.816,0.862,0.698,0.372,0.576,0.709,0.412,0.319,0.089,0.088,0.943,0.465,1.066,0.912,0.65,0.234,0.401,0.656,0.43,0.249,0.088,0.091,1.046,0.652,1.139,1.062,0.714,0.22,0.729,0.708,0.403,0.229,0.089,0.088,0.845,0.505,0.925,0.758,0.512,0.364,0.569,0.715,0.256,0.248,0.088,0.089,0.818,0.488,0.818,0.706,0.309,0.128,0.385,0.89,0.278,0.365,0.09,0.093,0.851,0.419,0.791,0.782,0.382,0.169,0.578,0.56,0.251,0.235,0.088,0.087,0.682,0.43,0.742,0.86,0.592,0.324,0.579,0.611,0.266,0.331,0.086
23.33333333,0.09,0.918,0.561,1.075,0.827,0.649,0.565,0.632,0.759,0.327,0.372,0.088,0.089,0.84,0.417,0.824,0.864,0.711,0.383,0.586,0.716,0.413,0.323,0.088,0.088,0.95,0.484,1.071,0.914,0.657,0.237,0.41,0.661,0.432,0.253,0.088,0.092,1.052,0.659,1.142,1.065,0.72,0.225,0.738,0.716,0.404,0.233,0.089,0.089,0.856,0.518,0.936,0.763,0.518,0.38,0.585,0.723,0.257,0.252,0.088,0.089,0.825,0.499,0.836,0.718,0.317,0.13,0.403,0.898,0.279,0.373,0.09,0.092,0.86,0.425,0.813,0.8,0.398,0.174,0.59,0.567,0.252,0.236,0.088,0.087,0.685,0.438,0.749,0.862,0.594,0.342,0.583,0.617,0.269,0.342,0.086
23.5,0.089,0.929,0.574,1.079,0.832,0.655,0.579,0.649,0.761,0.328,0.377,0.088,0.088,0.847,0.437,0.833,0.867,0.721,0.397,0.594,0.724,0.415,0.328,0.088,0.088,0.961,0.494,1.075,0.917,0.665,0.24,0.424,0.667,0.434,0.257,0.088,0.092,1.056,0.666,1.144,1.068,0.726,0.229,0.751,0.722,0.405,0.238,0.089,0.089,0.867,0.53,0.944,0.768,0.525,0.398,0.601,0.733,0.258,0.256,0.088,0.089,0.835,0.509,0.857,0.73,0.33,0.132,0.418,0.904,0.279,0.383,0.09,0.093,0.874,0.435,0.833,0.814,0.416,0.181,0.601,0.576,0.252,0.238,0.088,0.087,0.692,0.444,0.751,0.866,0.598,0.36,0.588,0.617,0.268,0.342,0.086
23.66666667,0.089,0.956,0.587,1.082,0.838,0.662,0.59,0.65,0.765,0.329,0.384,0.088,0.088,0.856,0.453,0.84,0.871,0.729,0.411,0.6,0.73,0.414,0.334,0.088,0.087,0.975,0.502,1.078,0.919,0.673,0.243,0.437,0.676,0.435,0.261,0.088,0.091,1.058,0.673,1.147,1.069,0.731,0.234,0.759,0.73,0.406,0.244,0.088,0.089,0.873,0.541,0.949,0.773,0.531,0.413,0.619,0.744,0.259,0.261,0.088,0.089,0.842,0.52,0.871,0.744,0.344,0.134,0.436,0.91,0.28,0.394,0.09,0.093,0.88,0.444,0.847,0.826,0.434,0.187,0.612,0.587,0.256,0.241,0.088,0.088,0.7,0.45,0.756,0.871,0.602,0.377,0.592,0.618,0.267,0.338,0.086
