epoch,loss,r2,val_loss,val_r2
0.0,-2.697699612815378,0.5167313814163208,-4.16722788413663,0.8842924237251282
1.0,-4.374430100913348,0.9082865715026855,-4.982185157375511,0.9488567113876343
2.0,-4.805356133386854,0.940357506275177,-5.260600702992956,0.961240291595459
3.0,-5.0030121415828095,0.9512054324150085,-5.422320404578795,0.9669529795646667
4.0,-5.200881296719973,0.9599801898002625,-5.493639640010918,0.9691751599311829
5.0,-5.337174892604733,0.9650450944900513,-5.621579450201314,0.9729453325271606
6.0,-5.477568660155141,0.9696768522262573,-5.790330910654054,0.9771393537521362
7.0,-5.569818531672098,0.9723650813102722,-5.840367377652457,0.9782350659370422
8.0,-5.589801509119268,0.972856342792511,-5.85397112224678,0.9785167574882507
9.0,-5.634024724861244,0.9740163683891296,-5.881391006559737,0.9791140556335449
10.0,-5.68008996151209,0.9752532243728638,-5.896247255296613,0.9794126749038696
11.0,-5.676592966481189,0.9751853942871094,-5.891173553942265,0.9793118238449097
12.0,-5.722150793941548,0.9762584567070007,-5.90261580652977,0.9795322418212891
13.0,-5.715453076926827,0.9760736227035522,-5.874003719837418,0.978946328163147
14.0,-5.71751053361723,0.9761239886283875,-5.910167841645293,0.9796921014785767
15.0,-5.71960700358474,0.9761723279953003,-5.920443869513641,0.9799013137817383
16.0,-5.696785327686303,0.9756460189819336,-5.890755954275127,0.9793123006820679
17.0,-5.731705337651673,0.9764728546142578,-5.8485753384922985,0.97840815782547
18.0,-5.726915761128061,0.9763678312301636,-5.938316093399286,0.9802594184875488
19.0,-5.746716897271838,0.9768189191818237,-5.889042993695956,0.9792346954345703
20.0,-5.740768264719888,0.9766930341720581,-5.912487905842583,0.9797574281692505
21.0,-5.728028454496605,0.9763845205307007,-5.931007698390465,0.9800956845283508
22.0,-5.7404649777719134,0.9766601324081421,-5.901737971076138,0.9795271158218384
23.0,-5.7593883364458724,0.9770971536636353,-5.934671585409311,0.9801898002624512
24.0,-5.750536681210951,0.9768925905227661,-5.8698327156766785,0.9788424372673035
25.0,-5.777878666508425,0.9775489568710327,-5.961381700148414,0.9807354807853699
26.0,-5.810412558970514,0.9782551527023315,-5.8393853792750345,0.978315532207489
27.0,-5.785239999297559,0.977740466594696,-5.982231907696208,0.9811238050460815
28.0,-5.805448351251284,0.9781676530838013,-5.910012875448434,0.9797603487968445
29.0,-5.810209138000995,0.978252112865448,-5.964691000240288,0.9807620048522949
30.0,-5.8432350122546115,0.9789782762527466,-6.010294104837738,0.9816371202468872
31.0,-5.818886214767187,0.9784121513366699,-5.968237109689089,0.9808540344238281
32.0,-5.826678267237202,0.9785803556442261,-5.982870848726299,0.9811260104179382
33.0,-5.7911731804860445,0.9778128862380981,-5.8725359804379345,0.9789071083068848
34.0,-5.744110433453173,0.976723313331604,-5.827972611312125,0.9779650568962097
35.0,-5.781888016212677,0.9775983691215515,-6.01276300199897,0.9816789627075195
36.0,-5.816478686514741,0.9783733487129211,-5.747259593396668,0.976038932800293
37.0,-5.834831672016233,0.9787833094596863,-5.928664696725306,0.9801285862922668
38.0,-5.828841188274913,0.9786453247070312,-6.012813901645476,0.9816848635673523
39.0,-5.849609804338962,0.97911137342453,-5.999528066382688,0.981439471244812
40.0,-5.818944210311108,0.9784539937973022,-5.981551601016326,0.981132984161377
41.0,-5.795233848367231,0.9779273867607117,-6.00408440379455,0.981508731842041
42.0,-5.834437423234576,0.9787634611129761,-5.925721863394561,0.9799352884292603
43.0,-5.8009279384878605,0.9779923558235168,-6.024599429212502,0.9819056391716003
44.0,-5.823731093716964,0.978543758392334,-5.82841432189731,0.9780465960502625
45.0,-5.788286175186898,0.9778016209602356,-5.989895219109483,0.981275200843811
46.0,-5.841509212253941,0.9789214134216309,-6.012824462457415,0.9816708564758301
47.0,-5.848661805888674,0.979094386100769,-5.841226436267144,0.9782730937004089
48.0,-5.822426573388555,0.9785882830619812,-6.000193471918366,0.9814518690109253
49.0,-5.828316533899712,0.9786888957023621,-5.88709356123316,0.9792518615722656
50.0,-5.856759084388154,0.9792545437812805,-5.978567415250771,0.9810179471969604
51.0,-5.839530817460222,0.9788740873336792,-6.016498393035876,0.9817757606506348
52.0,-5.860041595680001,0.979310154914856,-5.989338572598357,0.9812467694282532
53.0,-5.852134424761807,0.9791610836982727,-6.013567519484417,0.9817003011703491
54.0,-5.847156355730584,0.9790650606155396,-5.886603022587912,0.9791978001594543
55.0,-5.843280544367828,0.9789248704910278,-6.024207302616617,0.9819031953811646
56.0,-5.856161090591048,0.9792109727859497,-5.967326129219807,0.9808191061019897
57.0,-5.864218699776829,0.9793914556503296,-6.023219198213836,0.9818927049636841
58.0,-5.844879819260594,0.9789960980415344,-5.918798325629094,0.979840874671936
59.0,-5.8381359466593326,0.9788719415664673,-5.830450895535427,0.9779273867607117
60.0,-5.804599771180655,0.9781535863876343,-5.969433030227122,0.9808722734451294
61.0,-5.820513953169546,0.9784828424453735,-5.901602522906587,0.9795522689819336
62.0,-5.835510188342667,0.9787954092025757,-5.917478993889807,0.9798702001571655
63.0,-5.829392015390531,0.9786569476127625,-5.94047570091227,0.9802931547164917
64.0,-5.853016144027107,0.9791535139083862,-6.013139244882366,0.9816857576370239
65.0,-5.821869821674778,0.9784767031669617,-5.982041836463211,0.9811133146286011
66.0,-5.850551017633991,0.9791082143783569,-5.998423541344903,0.9814212918281555
67.0,-5.8464046408053,0.9790288805961609,-5.997924367259487,0.9813961982727051
68.0,-5.84033599000873,0.9788931012153625,-5.997000839840287,0.9813665151596069
69.0,-5.846888097569187,0.9790622591972351,-6.003574949531802,0.9815171360969543
70.0,-5.854252085875124,0.979182243347168,-5.986175259169614,0.9811722040176392
71.0,-5.853114674467964,0.9791572690010071,-6.028768023488139,0.9819875955581665
72.0,-5.84738589933127,0.9790422320365906,-5.946244356158698,0.9804068803787231
73.0,-5.826572119540006,0.9786401987075806,-5.957741360232276,0.9806127548217773
74.0,-5.858193398940135,0.9792607426643372,-5.963885795697137,0.9808281064033508
75.0,-5.874164303078745,0.9795875549316406,-6.02653083035485,0.9819514155387878
76.0,-5.836554591263612,0.9788411259651184,-6.023612668610458,0.9818899035453796
77.0,-5.86959878636951,0.9795094728469849,-6.005898594510802,0.981536865234375
78.0,-5.858406575372075,0.9793058633804321,-5.944999816647978,0.9804154634475708
79.0,-5.849899488200844,0.9791040420532227,-5.883281031170611,0.9793168306350708
80.0,-5.837835752697272,0.978864848613739,-6.002473951880634,0.9815232157707214
81.0,-5.8344075742952795,0.9787555932998657,-5.9698126367421045,0.9809033274650574
82.0,-5.828017611934747,0.9786348342895508,-6.00150341154143,0.9814847111701965
83.0,-5.835074173997556,0.9787682294845581,-5.992781767941261,0.9812882542610168
84.0,-5.851917639945486,0.9791488647460938,-5.9845769983469985,0.9811609387397766
85.0,-5.867455321364484,0.9794570207595825,-6.002446739070762,0.981514573097229
86.0,-5.868692940088808,0.979514479637146,-6.02453897355589,0.9819083213806152
87.0,-5.834266540158258,0.9787634015083313,-6.020865266113009,0.9818319082260132
88.0,-5.829853211110774,0.9787270426750183,-5.984598086975289,0.9811530113220215
89.0,-5.841512979934131,0.9789465069770813,-6.006227649875398,0.9815841913223267
90.0,-5.888562841443254,0.9798911809921265,-6.0027234214530205,0.9815120697021484
91.0,-5.857666970424304,0.9793151021003723,-5.980329319287545,0.9811016917228699
92.0,-5.8752265076913535,0.979627251625061,-6.006221789815149,0.981568455696106
93.0,-5.83801643342318,0.978858470916748,-6.001886545738114,0.9814809560775757
94.0,-5.873649020825284,0.9795988202095032,-6.011134629909171,0.9816523790359497
95.0,-5.849221723937052,0.9790695905685425,-5.9649383836720835,0.9808093309402466
96.0,-5.803794521997021,0.9781045913696289,-5.996620415126108,0.9813963174819946
97.0,-5.856184681338757,0.9792253375053406,-5.998255215701247,0.9814141988754272
98.0,-5.827034228582264,0.9786111116409302,-5.977410023772879,0.9810280799865723
99.0,-5.86557778230266,0.9794329404830933,-5.931618847553599,0.980155348777771
0.0,-2.7057600434480564,0.5119415521621704,-4.383275595166671,0.9078882932662964
1.0,-4.493354166486025,0.9181299209594727,-5.024718835208037,0.9516391754150391
2.0,-4.880277424117199,0.9445376396179199,-5.234888152491745,0.9607645273208618
3.0,-5.045107705363525,0.9530594944953918,-5.33386498457475,0.964465320110321
4.0,-5.184989298974183,0.9592142105102539,-5.415947419959533,0.9672621488571167
5.0,-5.282765534111117,0.962967038154602,-5.47603552480519,0.9691799283027649
6.0,-5.319830664099002,0.9643501043319702,-5.463624011296923,0.9687706828117371
7.0,-5.345358699640022,0.9652498364448547,-5.494540040075216,0.9697402119636536
8.0,-5.325074246442878,0.9644918441772461,-5.498663178000115,0.9698575735092163
9.0,-5.34138330934969,0.9651139378547668,-5.503786420908046,0.970019519329071
10.0,-5.370164189417413,0.9661351442337036,-5.506294278957737,0.9700894355773926
11.0,-5.3792297478378925,0.9664039611816406,-5.508001921807064,0.9701434969902039
12.0,-5.3879461398212305,0.9666799306869507,-5.541482235693736,0.9711191058158875
13.0,-5.419601543915053,0.9677542448043823,-5.521608146584523,0.9705479741096497
14.0,-5.425384918141736,0.9679412841796875,-5.590838630897746,0.9725268483161926
15.0,-5.458504629507372,0.9690054059028625,-5.587050234667309,0.9724313020706177
16.0,-5.461153160706798,0.9690269231796265,-5.599100638186837,0.9727416038513184
17.0,-5.453965374401519,0.9688094258308411,-5.574787708907422,0.9720889925956726
18.0,-5.478590533538352,0.9695762395858765,-5.6166999578625765,0.9732228517532349
19.0,-5.4802622035478565,0.9696363210678101,-5.611028128311243,0.9730758666992188
20.0,-5.474805573408481,0.9695297479629517,-5.504972400488059,0.9700177311897278
21.0,-5.461096936417682,0.9690515398979187,-5.451077515860047,0.9684072732925415
22.0,-5.455995676246125,0.9689096212387085,-5.623232411733863,0.9733923673629761
23.0,-5.50283652354591,0.9703173637390137,-5.628492565351994,0.9735337495803833
24.0,-5.500464409280699,0.9702590703964233,-5.627168752040833,0.973497211933136
25.0,-5.500508640896599,0.9702286720275879,-5.584527193324229,0.9723110198974609
26.0,-5.480715093528309,0.9696409106254578,-5.6121005763587934,0.9730895757675171
27.0,-5.496408670091415,0.9701699018478394,-5.584891118931534,0.9723278880119324
28.0,-5.5002319974495375,0.9702622294425964,-5.505515332568224,0.9700191617012024
29.0,-5.486210784709024,0.9698240160942078,-5.591826867332699,0.9725349545478821
30.0,-5.505369032613531,0.970434308052063,-5.612969786167452,0.973091721534729
31.0,-5.486573510914574,0.9698324203491211,-5.623393984575901,0.9734025001525879
32.0,-5.505574798103695,0.9704042673110962,-5.608520391538233,0.9729676246643066
33.0,-5.494867144115918,0.970077633857727,-5.631105968919006,0.9736026525497437
34.0,-5.49753670948452,0.9701293110847473,-5.627665429794649,0.9735050201416016
35.0,-5.505023932010647,0.9703803062438965,-5.605924930192209,0.972924530506134
36.0,-5.519293472204889,0.9708158373832703,-5.562313557769151,0.9717469215393066
37.0,-5.516353292175202,0.9707258343696594,-5.6181864159291415,0.9732812643051147
38.0,-5.5082584348179475,0.970474362373352,-5.623795677415862,0.9734007716178894
39.0,-5.5156974901390665,0.9706924557685852,-5.619313816357302,0.9732919931411743
40.0,-5.513396094528587,0.9705683588981628,-5.624583479242891,0.9734439849853516
41.0,-5.485934360366235,0.9698358774185181,-5.628306719191594,0.9735305905342102
42.0,-5.4914253367304475,0.9699212312698364,-5.568310340173013,0.9718834757804871
43.0,-5.492160707455341,0.9700112342834473,-5.599252884601854,0.9727262258529663
44.0,-5.482331211566718,0.9696663618087769,-5.609030508762873,0.9730179905891418
45.0,-5.495317512241639,0.9700788259506226,-5.514374921920318,0.9703398942947388
46.0,-5.524469138661076,0.9709542393684387,-5.612686682423792,0.973107635974884
47.0,-5.513741555557036,0.970628559589386,-5.580493332973784,0.9722319841384888
48.0,-5.488994114671769,0.9698992967605591,-5.570839955093015,0.9719562530517578
49.0,-5.499069381781028,0.9701949954032898,-5.550790161702686,0.9713740348815918
50.0,-5.493683684003514,0.9700719714164734,-5.613694077579923,0.9731297492980957
51.0,-5.518109424263484,0.9707459211349487,-5.623729974675219,0.9734051823616028
52.0,-5.532914777781796,0.9712190628051758,-5.629861142726704,0.9735773205757141
53.0,-5.524192091200654,0.9709555506706238,-5.5742726068365265,0.9720274806022644
54.0,-5.51412030225663,0.9706487655639648,-5.630984254636185,0.9736021161079407
55.0,-5.595498601774608,0.9729844927787781,-5.742740531598604,0.9764078855514526
56.0,-5.566559844264252,0.9721866846084595,-5.728476040921343,0.9760757684707642
57.0,-5.626607269440402,0.9738085865974426,-5.802644959217294,0.9777669906616211
58.0,-5.697590530209365,0.9755854606628418,-5.819283002842727,0.9781537055969238
59.0,-5.64744815805756,0.9743412137031555,-5.798690770815438,0.9776918292045593
60.0,-5.674054175872088,0.9750341176986694,-5.823025342801989,0.9782232046127319
61.0,-5.691686358804883,0.9754306674003601,-5.7558349701665215,0.9766885638237
62.0,-5.700643539724657,0.9756771326065063,-5.815728814971786,0.9780691266059875
63.0,-5.682656451651312,0.9751890897750854,-5.784209582993598,0.9773347973823547
64.0,-5.68295015729662,0.9752553105354309,-5.824090734071039,0.9782621264457703
65.0,-5.6780205211913986,0.9751099348068237,-5.816376977382991,0.9780874252319336
66.0,-5.686996523430486,0.9753276109695435,-5.79261118851294,0.9775417447090149
67.0,-5.697292632413313,0.9755563735961914,-5.792385788615129,0.9775373339653015
68.0,-5.686008269836358,0.9752849340438843,-5.807815564219619,0.9778892397880554
69.0,-5.702165213411642,0.975690484046936,-5.825485149226869,0.9782909154891968
70.0,-5.691102364972204,0.9754416346549988,-5.772140280139262,0.9770907163619995
71.0,-5.672682304769447,0.9749714136123657,-5.645191001779719,0.9739933013916016
72.0,-5.694115331077494,0.9755104184150696,-5.785979478197644,0.9773956537246704
73.0,-5.680802639714357,0.9751684069633484,-5.739946667893809,0.9763326644897461
74.0,-5.684825640839723,0.975275993347168,-5.808484753246989,0.9779103398323059
75.0,-5.658112616296032,0.9746030569076538,-5.684175910419353,0.9749476313591003
76.0,-5.691025950140876,0.9754236340522766,-5.824685298540148,0.9782754182815552
77.0,-5.677281796641623,0.9750860929489136,-5.8031349434157935,0.9777840375900269
78.0,-5.695293074475496,0.9755584001541138,-5.708139411750183,0.975598156452179
79.0,-5.691967059340565,0.9754799008369446,-5.735294072654331,0.9761863946914673
80.0,-5.690579095482379,0.9754064679145813,-5.82556916949166,0.9782950282096863
81.0,-5.687929927561301,0.9753472208976746,-5.825306323960094,0.9782811999320984
82.0,-5.7024351991492335,0.9757061004638672,-5.810345964738971,0.9779525995254517
83.0,-5.680154289138512,0.9751644134521484,-5.779120212611258,0.9772225618362427
84.0,-5.691943175677473,0.9754435420036316,-5.825088495358637,0.9782781600952148
85.0,-5.68097747493295,0.9751800298690796,-5.805958742567134,0.9778375625610352
86.0,-5.694833717612716,0.9755083322525024,-5.737555926171276,0.9762466549873352
87.0,-5.699128766643106,0.9756016731262207,-5.828336945167777,0.9783527255058289
88.0,-5.696887364620363,0.9755587577819824,-5.827927138223348,0.9783263206481934
89.0,-5.718251246370315,0.9760826826095581,-5.830290680115504,0.9783844947814941
90.0,-5.6919817625729054,0.9754626154899597,-5.789289835917653,0.9774993658065796
91.0,-5.6911830620626835,0.9754519462585449,-5.789805137497483,0.9775104522705078
92.0,-5.685572019027418,0.9752583503723145,-5.808424258943362,0.9778685569763184
93.0,-5.697315672599146,0.975610613822937,-5.8398128742231945,0.9785931706428528
94.0,-5.697835119828189,0.9755899310112,-5.839552018962137,0.9785868525505066
95.0,-5.715900300632542,0.9760276079177856,-5.759432864907746,0.9767308235168457
96.0,-5.72015981866117,0.9761086702346802,-5.80045773024929,0.9777387380599976
97.0,-5.7205432349561445,0.9761346578598022,-5.82799515091391,0.9783380627632141
98.0,-5.722389653079723,0.9761753082275391,-5.82992286048484,0.978390097618103
99.0,-5.689324130648299,0.9753716588020325,-5.756712149644827,0.9767183065414429
0.0,-2.6062559579783477,0.4575916826725006,-4.191021325822068,0.890874981880188
1.0,-4.445792739586819,0.9143832921981812,-4.9837633504332395,0.9509826898574829
2.0,-4.888285089484929,0.9446700215339661,-5.244070654156799,0.9622073173522949
3.0,-5.150522438742969,0.9574854969978333,-5.343580315226284,0.9656999707221985
4.0,-5.250920735369358,0.9615421295166016,-5.478709431605484,0.9700045585632324
5.0,-5.301420429231725,0.9635054469108582,-5.51005575553526,0.9709261655807495
6.0,-5.368399616199566,0.9657634496688843,-5.5275972845732015,0.9714500308036804
7.0,-5.389254025817033,0.9665666818618774,-5.519527220023425,0.9712159037590027
8.0,-5.403555619029976,0.9669936895370483,-5.532425737328499,0.9715934991836548
9.0,-5.432094654304513,0.9679365158081055,-5.541778966172699,0.9718466997146606
10.0,-5.424091889835024,0.9676980972290039,-5.5488498053991515,0.9720519781112671
11.0,-5.442611567340912,0.968288779258728,-5.538809693508741,0.9717632532119751
12.0,-5.448814962094547,0.9684673547744751,-5.544809393932343,0.9719263315200806
13.0,-5.4290938161366125,0.9679132699966431,-5.551828443991562,0.9721336364746094
14.0,-5.43320290967329,0.9679562449455261,-5.554012334073885,0.9721868634223938
15.0,-5.432852638966508,0.9679907560348511,-5.546860067907251,0.9719544649124146
16.0,-5.500211141157425,0.9700406193733215,-5.623556421564244,0.9740604162216187
17.0,-5.5236551435976775,0.9707866907119751,-5.601480785149289,0.9734830856323242
18.0,-5.527093627191495,0.9708258509635925,-5.6186446519568,0.9739284515380859
19.0,-5.507223480950268,0.9702948331832886,-5.584473629497802,0.9730159640312195
20.0,-5.49993435211591,0.9700419306755066,-5.572852724365115,0.9726904034614563
21.0,-5.498085739909355,0.9698977470397949,-5.608938197071907,0.9736665487289429
22.0,-5.51461735049395,0.9705204963684082,-5.594903061130627,0.9732839465141296
23.0,-5.540388372323745,0.9712601900100708,-5.524753387626777,0.9713824987411499
24.0,-5.519397211386789,0.9706335067749023,-5.611328211242205,0.9737375378608704
25.0,-5.503735753705036,0.9701464772224426,-5.588166760754469,0.9731206893920898
26.0,-5.493162979419601,0.9698659181594849,-5.616806371199866,0.9738747477531433
27.0,-5.520758434281626,0.9706903696060181,-5.579992070980689,0.9728975296020508
28.0,-5.533746130118951,0.9710486531257629,-5.568485302171994,0.9725942611694336
29.0,-5.529980945937253,0.9709423184394836,-5.581440304759787,0.9729359745979309
30.0,-5.521003928246965,0.9706709980964661,-5.566402996561771,0.972518801689148
31.0,-5.543000669561086,0.9713181257247925,-5.528263987196983,0.9714689254760742
32.0,-5.528801539517958,0.9708952903747559,-5.471180896644283,0.9697871208190918
33.0,-5.536835380465748,0.971123218536377,-5.5295016699763515,0.9715310335159302
34.0,-5.517462557586104,0.970622181892395,-5.62296751969837,0.9740526080131531
35.0,-5.539719467885957,0.9712435603141785,-5.567896909734052,0.9725592732429504
36.0,-5.512595098105828,0.9704629182815552,-5.568627588122943,0.9725717306137085
37.0,-5.536945684852173,0.9711282849311829,-5.49827931970305,0.9706160426139832
38.0,-5.52892749868132,0.9708949327468872,-5.625696799899515,0.9741217494010925
39.0,-5.54196776489594,0.9713035821914673,-5.626346459652337,0.9741203188896179
40.0,-5.528153112680568,0.9708648920059204,-5.592469070215535,0.9732144474983215
41.0,-5.5221742850121585,0.9706944227218628,-5.609905446865097,0.973717212677002
42.0,-5.524157305161059,0.970744788646698,-5.563683205512759,0.9724553227424622
43.0,-5.5265002436462005,0.9708205461502075,-5.621772801696563,0.9740139245986938
44.0,-5.544666286500181,0.9713546633720398,-5.627191978765335,0.9741568565368652
45.0,-5.546593699581084,0.971426784992218,-5.621953897531507,0.974016547203064
46.0,-5.552263135814183,0.971564769744873,-5.610403801304,0.9737062454223633
47.0,-5.536305427034643,0.9711276292800903,-5.532859080559419,0.9715654253959656
48.0,-5.483144172440253,0.9695848226547241,-5.602579144985107,0.973493218421936
49.0,-5.540360611007003,0.9712374806404114,-5.62640632222057,0.9741290807723999
50.0,-5.521178952211381,0.9706695675849915,-5.588869254898897,0.9731725454330444
51.0,-5.5363326033622196,0.9711312055587769,-5.61509213911621,0.9738274812698364
52.0,-5.538309238043568,0.9711869955062866,-5.596349855405863,0.9733483195304871
53.0,-5.532376305046478,0.9709808230400085,-5.608438603893964,0.9736466407775879
54.0,-5.540657839504754,0.971278190612793,-5.620223501749507,0.9739927053451538
55.0,-5.550851901941859,0.9715531468391418,-5.611193216900937,0.9737246632575989
56.0,-5.5266639448811645,0.970867931842804,-5.6234479339348695,0.9740630984306335
57.0,-5.545452975102791,0.9713846445083618,-5.5942365690518985,0.973271369934082
58.0,-5.569408141345686,0.9720538258552551,-5.644115327631702,0.9745841026306152
59.0,-5.573240562054757,0.9721890687942505,-5.36741495317886,0.966476321220398
60.0,-5.534145500326409,0.9711025357246399,-5.654601732608539,0.9748655557632446
61.0,-5.577020407175776,0.9722946882247925,-5.646138524098386,0.9746440052986145
62.0,-5.578905035605821,0.9723567962646484,-5.598995022990328,0.9733660817146301
63.0,-5.5610166922542685,0.9718261957168579,-5.615466274882627,0.9738869667053223
64.0,-5.5738047519432525,0.9721927642822266,-5.650665349999756,0.9747630953788757
65.0,-5.577488907435767,0.9722925424575806,-5.62598134971862,0.974150538444519
66.0,-5.565512670217545,0.9719793200492859,-5.538040166183008,0.971714198589325
67.0,-5.569249197756617,0.9720525741577148,-5.6072264167671815,0.9736430048942566
68.0,-5.58416631290599,0.9725133180618286,-5.644504235489697,0.9745603799819946
69.0,-5.580926954395363,0.9723653793334961,-5.661877312970314,0.9750478863716125
70.0,-5.579069652656993,0.9723315238952637,-5.629947101915994,0.9742029905319214
71.0,-5.558426727532569,0.971763014793396,-5.630515396930452,0.974232017993927
72.0,-5.574800602138697,0.9722464680671692,-5.639162549576527,0.9744803309440613
73.0,-5.5827588722272905,0.9724310040473938,-5.644857865506121,0.9745889902114868
74.0,-5.5760519748784425,0.9722028970718384,-5.648730752098791,0.9747055768966675
75.0,-5.587368324445468,0.9725550413131714,-5.626443301753048,0.9741815328598022
76.0,-5.574764869877213,0.9722192883491516,-5.663944858348548,0.9750960469245911
77.0,-5.542364607913368,0.9712333679199219,-5.649543084113903,0.974718451499939
78.0,-5.591634474180165,0.9726983308792114,-5.66354294986506,0.9750807881355286
79.0,-5.593922795900927,0.9727312326431274,-5.65112380695169,0.9747926592826843
80.0,-5.589943307829599,0.9726017117500305,-5.666655664147929,0.9751599431037903
81.0,-5.592967311364615,0.9727280735969543,-5.668138246504714,0.97520512342453
82.0,-5.560085770509813,0.9718077778816223,-5.67205766921294,0.975304126739502
83.0,-5.585491957250871,0.9724873304367065,-5.6614831978505835,0.9750334024429321
84.0,-5.555207661860595,0.97166907787323,-5.595419877829545,0.9733073115348816
85.0,-5.58841387835237,0.9726096391677856,-5.669722602759901,0.9752322435379028
86.0,-5.599487527872641,0.9728776812553406,-5.618452994605689,0.973913311958313
87.0,-5.598032231285465,0.9728249311447144,-5.64462497314292,0.974620521068573
88.0,-5.587076961007057,0.9725476503372192,-5.606507363401423,0.9736626744270325
89.0,-5.551057350551188,0.9715301394462585,-5.650538317765322,0.9747292399406433
90.0,-5.588811099576975,0.9726141691207886,-5.646922686486559,0.9746617078781128
91.0,-5.595795063064022,0.9727994799613953,-5.66417934041797,0.9751030802726746
92.0,-5.595023469089475,0.9727643132209778,-5.661692926782735,0.9750425219535828
93.0,-5.59002633952893,0.9726331830024719,-5.660296968450045,0.9750065803527832
94.0,-5.577261830963112,0.9723079800605774,-5.626947510568645,0.9741430282592773
95.0,-5.58853910957437,0.9725874066352844,-5.661226788330909,0.9750257730484009
96.0,-5.588696230961485,0.9725848436355591,-5.6717789834644305,0.975292980670929
97.0,-5.596783944440335,0.9728221893310547,-5.648318720941979,0.9746834635734558
98.0,-5.589710893133674,0.9726559519767761,-5.656383378695675,0.9749100804328918
99.0,-5.568237448373842,0.9720525741577148,-5.663175743126225,0.9750722050666809
0.0,-2.706102527976451,0.5129895210266113,-4.21220538170537,0.8905304670333862
1.0,-4.322895108364133,0.9025601148605347,-5.012182158453916,0.950803279876709
2.0,-4.746762187417276,0.9368918538093567,-5.165046625939951,0.9577862024307251
3.0,-4.985215668867112,0.950147807598114,-5.252224145533029,0.9612191319465637
4.0,-5.142186523749746,0.957496166229248,-5.331840580466121,0.9641939401626587
5.0,-5.226464694285963,0.9609380960464478,-5.414254920028878,0.9670048952102661
6.0,-5.261014954283637,0.9622583389282227,-5.276197210522587,0.9620622396469116
7.0,-5.356969663764125,0.9657461047172546,-5.582219484272893,0.9720927476882935
8.0,-5.432053453956317,0.9682047963142395,-5.585718551827379,0.9721977114677429
9.0,-5.445970308287241,0.968645453453064,-5.471491255610743,0.9688247442245483
10.0,-5.445306740368722,0.9686223864555359,-5.609323764502565,0.9728436470031738
11.0,-5.435141472546979,0.9683343172073364,-5.610117415918155,0.9728537797927856
12.0,-5.44367392345453,0.9685591459274292,-5.621733549283855,0.9731734991073608
13.0,-5.4594987712622025,0.9690808057785034,-5.605700423190749,0.9727424383163452
14.0,-5.472741638900173,0.9695100784301758,-5.533944616507668,0.9707170724868774
15.0,-5.47491291015284,0.9695528149604797,-5.628167988666348,0.9733487963676453
16.0,-5.465334221352999,0.9692792892456055,-5.449038540065155,0.9681894183158875
17.0,-5.475439427047973,0.9695261716842651,-5.624063175331096,0.9732354879379272
18.0,-5.502547926189885,0.9703409075737,-5.6038798211807945,0.9726895093917847
19.0,-5.46336792958843,0.9691351652145386,-5.624265135936435,0.9732344746589661
20.0,-5.484254535389632,0.9698506593704224,-5.5511409329128405,0.9711823463439941
21.0,-5.491944006772677,0.970076858997345,-5.606975684718971,0.9727673530578613
22.0,-5.4739733824432175,0.9694937467575073,-5.5379082018307075,0.9708596467971802
23.0,-5.479401350801621,0.9697054028511047,-5.620722205002879,0.9731420278549194
24.0,-5.488556159735142,0.9699311256408691,-5.414676364100811,0.9670116305351257
25.0,-5.484216176202726,0.9697829484939575,-5.613985958765158,0.9729302525520325
26.0,-5.4966729011405775,0.9701929092407227,-5.6203784844235,0.9731379747390747
27.0,-5.489867893297666,0.9700144529342651,-5.595665722664456,0.97245854139328
28.0,-5.468176517593629,0.9693309664726257,-5.583269387051432,0.9720975160598755
29.0,-5.486945478422306,0.969880223274231,-5.61513132346679,0.9729598164558411
30.0,-5.4905280741340095,0.9699947237968445,-5.609024790654195,0.9728512763977051
31.0,-5.566055413284685,0.9721728563308716,-5.7079626388278,0.9753988981246948
32.0,-5.5835872672779185,0.9726548194885254,-5.683739773441053,0.9747702479362488
33.0,-5.583261832974302,0.9726424217224121,-5.700055963147818,0.9752157926559448
34.0,-5.6004759116429215,0.9731491804122925,-5.6437164412319625,0.973755955696106
35.0,-5.603310792219814,0.9732056856155396,-5.743199185225097,0.9762471914291382
36.0,-5.632881797540445,0.9740031957626343,-5.773964148080741,0.9769609570503235
37.0,-5.629732509682255,0.9738863110542297,-5.718612663382673,0.9756730198860168
38.0,-5.631745504540368,0.9739794731140137,-5.686624929862217,0.9748751521110535
39.0,-5.569718163188951,0.9722855687141418,-5.748193317147328,0.9763592481613159
40.0,-5.628164167696406,0.9738458395004272,-5.7600841078658735,0.9766361117362976
41.0,-5.637313777708338,0.9741045236587524,-5.758800274181142,0.9766194224357605
42.0,-5.648360088235443,0.9743712544441223,-5.701519315044106,0.9751578569412231
43.0,-5.610406982410771,0.9734147787094116,-5.734752138075919,0.9760154485702515
44.0,-5.6240565321586855,0.9737299680709839,-5.742138005887635,0.9761860966682434
45.0,-5.617059772726056,0.9735642671585083,-5.741532868997222,0.976185142993927
46.0,-5.635566995228494,0.9740495681762695,-5.765685758558115,0.976764976978302
47.0,-5.623291314804044,0.9737633466720581,-5.685214049991758,0.9747911691665649
48.0,-5.614508582699134,0.9735228419303894,-5.6887952535987125,0.974861741065979
49.0,-5.606170393967471,0.9733281135559082,-5.73561021666045,0.9760558009147644
50.0,-5.646837037230504,0.9743496775627136,-5.748217195354453,0.9763810038566589
51.0,-5.635199873445419,0.9740346074104309,-5.688787271652773,0.9749135971069336
52.0,-5.64994059540862,0.9744281768798828,-5.762574277346105,0.9766910672187805
53.0,-5.642153745379833,0.9742035865783691,-5.746776250571717,0.976324200630188
54.0,-5.63520528666465,0.9740559458732605,-5.777673032558694,0.9770458936691284
55.0,-5.639551369753865,0.9741756319999695,-5.77228216855918,0.9769316911697388
56.0,-5.650832079458081,0.9744668006896973,-5.759224639393741,0.9766246676445007
57.0,-5.626643674431382,0.9738439321517944,-5.713337009586917,0.975501537322998
58.0,-5.640809636573499,0.9741852879524231,-5.696197656144281,0.975162148475647
59.0,-5.658158661702951,0.9746321439743042,-5.759678877934087,0.976620078086853
60.0,-5.668519687240239,0.9749246835708618,-5.7158537806128065,0.9756069183349609
61.0,-5.660739523673155,0.974716067314148,-5.748892374011527,0.9763582944869995
62.0,-5.6694076497808705,0.974933922290802,-5.795954638649164,0.9774941205978394
63.0,-5.6713834493692135,0.9749473333358765,-5.8050847625768505,0.9776589274406433
64.0,-5.665695570131355,0.9748212695121765,-5.790233577987909,0.9773387908935547
65.0,-5.699980739853418,0.9756631851196289,-5.797556339438648,0.9775007963180542
66.0,-5.682485767186363,0.9752262234687805,-5.796298372231217,0.9774842262268066
67.0,-5.68093391687302,0.975199818611145,-5.778577415771211,0.9770390391349792
68.0,-5.66152223409983,0.9747352600097656,-5.806123772481211,0.9776903390884399
69.0,-5.664951512625948,0.9748015403747559,-5.802421911992692,0.9776055216789246
70.0,-5.684948536209549,0.9753273129463196,-5.715247662804842,0.9756118059158325
71.0,-5.666314964748596,0.9748326539993286,-5.811895409412768,0.9778220057487488
72.0,-5.6773732910276555,0.9751189947128296,-5.769574656029497,0.9768578410148621
73.0,-5.6878114772310875,0.9753878712654114,-5.815933440118024,0.9779111742973328
74.0,-5.682744061843326,0.9752643704414368,-5.799240525890204,0.9775351285934448
75.0,-5.637300640968173,0.974047839641571,-5.801689051474411,0.9775822758674622
76.0,-5.690130717859592,0.9754608869552612,-5.65553265919847,0.9739917516708374
77.0,-5.6966025057614225,0.9755808115005493,-5.739826600314012,0.9761819839477539
78.0,-5.650940200186109,0.9744523167610168,-5.809384300891779,0.9777570962905884
79.0,-5.687682730830078,0.9753729701042175,-5.819313266158667,0.9779888987541199
80.0,-5.641658091890887,0.9742242097854614,-5.804424255467608,0.97764652967453
81.0,-5.670028200604431,0.9749746322631836,-5.747235665092869,0.9763394594192505
82.0,-5.683076174844012,0.9752708673477173,-5.795524659254365,0.9774768948554993
83.0,-5.688838329682506,0.9754007458686829,-5.820916884808836,0.978026270866394
84.0,-5.699230417199314,0.9756604433059692,-5.806192871856005,0.9776799082756042
85.0,-5.685457551006788,0.97532719373703,-5.81136969001725,0.9778250455856323
86.0,-5.678612520636708,0.9751446843147278,-5.836399217099901,0.9783492088317871
87.0,-5.688836471730058,0.9754114151000977,-5.811887237913068,0.9778233766555786
88.0,-5.723975524319297,0.9762482643127441,-5.813153838757081,0.9778602719306946
89.0,-5.696883410581966,0.975601851940155,-5.8063519810676345,0.9776972532272339
90.0,-5.729194974833097,0.9763540029525757,-5.85113417169992,0.9786774516105652
91.0,-5.704959123436525,0.9758138656616211,-5.810656438948267,0.9777963757514954
92.0,-5.722371293695633,0.9762201309204102,-5.835240415402842,0.9783361554145813
93.0,-5.708742217855333,0.9758914113044739,-5.836053062003573,0.9783506393432617
94.0,-5.720576051255194,0.9761659502983093,-5.846487939853684,0.9785884618759155
95.0,-5.72553821544422,0.9762848019599915,-5.8434432563022884,0.9785116910934448
96.0,-5.686492903523079,0.9753460884094238,-5.6100866321448395,0.9729636311531067
97.0,-5.67946490975074,0.9752361178398132,-5.84754629667834,0.9785970449447632
98.0,-5.716413295524028,0.9760909080505371,-5.836706638840597,0.9783603549003601
99.0,-5.731831402101805,0.976429283618927,-5.851127777574875,0.9786855578422546
0.0,-2.6300574161108488,0.46466168761253357,-4.203130964644535,0.8947162628173828
1.0,-4.271307093398791,0.8969271779060364,-4.953588182447021,0.9503397941589355
2.0,-4.741791735838808,0.9357889294624329,-5.017703644852703,0.9532178044319153
3.0,-4.965538952379951,0.9486225843429565,-5.157135475538495,0.959335446357727
4.0,-5.191211059920925,0.9589625597000122,-5.365015369387783,0.96696937084198
5.0,-5.3028681116668555,0.9633080363273621,-5.444914353658068,0.9694703817367554
6.0,-5.40418531433788,0.9669221639633179,-5.675000886118154,0.9757658243179321
7.0,-5.607478416984551,0.972977340221405,-5.833498762470096,0.9793272018432617
8.0,-5.69100843348419,0.9752069711685181,-5.8948796123033045,0.9805538058280945
9.0,-5.723165111060027,0.975932776927948,-5.821321000161658,0.979059100151062
10.0,-5.734336229562304,0.9762119054794312,-5.8948161113896855,0.9805518984794617
11.0,-5.752045071085418,0.9766280055046082,-5.826082438055309,0.9791424870491028
12.0,-5.741919127542481,0.9764307141304016,-5.862255880304824,0.9799076318740845
13.0,-5.77476634323902,0.9770940542221069,-5.8004243392510855,0.9786248207092285
14.0,-5.773646356372326,0.9771593809127808,-5.888598973009551,0.9804197549819946
15.0,-5.7448949928644595,0.9764906764030457,-5.758887730795613,0.977702796459198
16.0,-5.751935269264401,0.9766746759414673,-5.778866810517373,0.9781692624092102
17.0,-5.7747248759711045,0.977167010307312,-5.907781965108589,0.9808043241500854
18.0,-5.7838868543168305,0.9773948788642883,-5.8851717875442855,0.9803552627563477
19.0,-5.769399064766121,0.9770625233650208,-5.874054815472351,0.980157732963562
20.0,-5.7498642684017245,0.9765941500663757,-5.8055242863041165,0.978744626045227
21.0,-5.768642823249492,0.9770506620407104,-5.799618984614666,0.9786232113838196
22.0,-5.7965852776009275,0.97767174243927,-5.900903013657817,0.9806745648384094
23.0,-5.7803950495292975,0.9773093461990356,-5.826489910204747,0.9791563749313354
24.0,-5.809395246632925,0.9779242277145386,-5.914981414433775,0.9809403419494629
25.0,-5.763076658256831,0.9769343137741089,-5.902383623913734,0.9807020425796509
26.0,-5.814221318010952,0.9780203700065613,-5.897720389551992,0.9806013107299805
27.0,-5.7726388110022055,0.9770641326904297,-5.880679561704209,0.9802559018135071
28.0,-5.802470171709537,0.9777604341506958,-5.911730865047783,0.9808799028396606
29.0,-5.80347366876085,0.977819561958313,-5.873095779302137,0.9801236391067505
30.0,-5.761712296832463,0.9768346548080444,-5.855900571861242,0.9797819256782532
31.0,-5.775694670225609,0.9771201014518738,-5.841519713695785,0.9794994592666626
32.0,-5.786575932102398,0.9774279594421387,-5.836526274357871,0.9793696403503418
33.0,-5.773974038552014,0.9771424531936646,-5.885418937562882,0.9803640246391296
34.0,-5.806484643021256,0.9778621792793274,-5.903512835941076,0.9807193875312805
35.0,-5.825777238785718,0.9782935976982117,-5.86795482742346,0.9800225496292114
36.0,-5.806941896595216,0.9778772592544556,-5.805238902466139,0.9787400960922241
37.0,-5.83371039737197,0.978458046913147,-5.836575330914546,0.9793722033500671
38.0,-5.836927970806735,0.9785122871398926,-5.833309355006366,0.979279637336731
39.0,-5.7920361491210155,0.9775518178939819,-5.6464229493576745,0.9750796556472778
40.0,-5.808215969374513,0.9779332280158997,-5.9052803471464035,0.9807615280151367
41.0,-5.80186701553369,0.9777467846870422,-5.905857075244158,0.9807519912719727
42.0,-5.807723567332568,0.9778894186019897,-5.824352472245643,0.9791142344474792
43.0,-5.810724608519519,0.9779751896858215,-5.907382374559404,0.9807903170585632
44.0,-5.809832397913717,0.9779327511787415,-5.90326074753312,0.9807180166244507
45.0,-5.816146626076691,0.978095531463623,-5.867660360219736,0.980016827583313
46.0,-5.811130379680962,0.9779861569404602,-5.914153950234754,0.980927586555481
47.0,-5.786708272779669,0.9774296879768372,-5.8406004937628335,0.9794811010360718
48.0,-5.8270076021444295,0.9783554077148438,-5.920589268650577,0.9810482859611511
49.0,-5.808409213492529,0.977920651435852,-5.784126014731715,0.9782689213752747
50.0,-5.801113466059906,0.9777824282646179,-5.84921380714544,0.9796534776687622
51.0,-5.825573193174424,0.9782910346984863,-5.9114705926373174,0.9808675646781921
52.0,-5.8090829131202915,0.9779203534126282,-5.875360088213804,0.9801756739616394
53.0,-5.809864318219511,0.977948784828186,-5.899481675705124,0.9806423187255859
54.0,-5.816837213564365,0.9781185388565063,-5.887999609912534,0.9804196357727051
55.0,-5.815217005761958,0.9780952334403992,-5.878682700035885,0.9802168011665344
56.0,-5.809282845007517,0.9779700040817261,-5.918528674871949,0.9810099601745605
57.0,-5.806475044949787,0.9778383374214172,-5.887696411078571,0.9804024696350098
58.0,-5.82199591085474,0.9782248735427856,-5.8990121092140475,0.9806205630302429
59.0,-5.836513432307158,0.9785386919975281,-5.876886710031145,0.9801932573318481
60.0,-5.812841809342915,0.9780292510986328,-5.86188470594943,0.979886531829834
61.0,-5.826226112053885,0.97832190990448,-5.817888904336224,0.9789983034133911
62.0,-5.8114767254584505,0.9779766798019409,-5.903036940147387,0.9807201623916626
63.0,-5.809151984447018,0.9779410362243652,-5.871455978101548,0.9800758361816406
64.0,-5.811583538957865,0.9780091047286987,-5.86702094573806,0.9800049066543579
65.0,-5.835516881803897,0.978527843952179,-5.907106539576831,0.9807890057563782
66.0,-5.797975450928438,0.9777117967605591,-5.875203872908997,0.9801840782165527
67.0,-5.828938710945844,0.9783421754837036,-5.884835875364578,0.9803625345230103
68.0,-5.851514088476569,0.9788538217544556,-5.8903194214467565,0.9804552793502808
69.0,-5.838669856307031,0.9785751104354858,-5.921140780307635,0.9810630083084106
70.0,-5.833085245327631,0.9784619212150574,-5.825138886677998,0.9791516065597534
71.0,-5.809919773436176,0.9779767990112305,-5.840776788370241,0.9794890284538269
72.0,-5.8085975306035875,0.9778922200202942,-5.923892899854136,0.9811113476753235
73.0,-5.80682698286866,0.9778763055801392,-5.889555842098187,0.9804390668869019
74.0,-5.851023292033139,0.9788275957107544,-5.8732817038235225,0.9800985455513
75.0,-5.830261192493842,0.9784161448478699,-5.881870230684787,0.9803087115287781
76.0,-5.845358998428463,0.9786796569824219,-5.921179757783476,0.9810643196105957
77.0,-5.851803271678571,0.9788780212402344,-5.929451302248217,0.981218159198761
78.0,-5.833594831688359,0.9784695506095886,-5.757403555199613,0.9777077436447144
79.0,-5.797959871140641,0.9777153134346008,-5.875541126175504,0.9801662564277649
80.0,-5.826491094729312,0.978339672088623,-5.90643088561464,0.9807809591293335
81.0,-5.832449044393511,0.978447437286377,-5.8428532504445325,0.979526162147522
82.0,-5.833169191136844,0.9784415364265442,-5.7887000498778765,0.9783803820610046
83.0,-5.7993394309072315,0.9776803255081177,-5.918707654591912,0.9810088276863098
84.0,-5.823294437688917,0.9782846570014954,-5.89658575277333,0.9805890917778015
85.0,-5.848924079537845,0.9787694215774536,-5.866369694782189,0.9799942970275879
86.0,-5.8200350745556495,0.9781973958015442,-5.910759767373324,0.9808699488639832
87.0,-5.811803736796008,0.978009045124054,-5.9261594737281715,0.9811581373214722
88.0,-5.8567572936974335,0.9789583086967468,-5.929103597053032,0.9812132120132446
89.0,-5.855010212810051,0.9789372682571411,-5.898389418131284,0.9806256294250488
90.0,-5.8173698850385565,0.978119969367981,-5.891843863542685,0.9804999232292175
91.0,-5.855320646992941,0.9789270162582397,-5.921083662385934,0.9810627698898315
92.0,-5.84960810721985,0.9788137674331665,-5.879526530316103,0.980257511138916
93.0,-5.8406386976346365,0.9786324501037598,-5.84516733138973,0.9795316457748413
94.0,-5.852766009522765,0.9789007306098938,-5.917039804890749,0.9809833765029907
95.0,-5.8166141062716274,0.978121280670166,-5.8408081097457805,0.9794952273368835
96.0,-5.824639817042223,0.9782620668411255,-5.924009636782898,0.9811118245124817
97.0,-5.811007130370195,0.9779875874519348,-5.858091351203877,0.9798411130905151
98.0,-5.838260428169635,0.978569507598877,-5.917682699860017,0.9809881448745728
99.0,-5.851084071992184,0.9788569211959839,-5.893891619503826,0.9805243611335754
