EX_pi_e_i,EX_co2_e_i,EX_fe3_e_i,EX_h_e_i,EX_mn2_e_i,EX_fe2_e_i,EX_zn2_e_i,EX_mg2_e_i,EX_ca2_e_i,EX_ni2_e_i,EX_cu2_e_i,EX_sel_e_i,EX_cobalt2_e_i,EX_h2o_e_i,EX_mobd_e_i,EX_so4_e_i,EX_nh4_e_i,EX_k_e_i,EX_na1_e_i,EX_cl_e_i,EX_o2_e_i,EX_tungs_e_i,EX_slnt_e_i,EX_glyc_e_i,EX_ala__L_e_i,EX_pro__L_e_i,EX_thr__L_e_i,EX_gly_e_i,EX_rib__D_e_i,EX_malt_e_i,EX_melib_e_i,EX_tre_e_i,EX_fru_e_i,EX_gal_e_i,EX_ac_e_i,EX_lac__D_e_i,EX_succ_e_i,EX_pyr_e_i,GR_AVG
2.20E+00,2.20E+00,2.20E+00,2.20E+00,2.20E+00,2.20E+00,2.20E+00,2.20E+00,2.20E+00,2.20E+00,2.20E+00,2.20E+00,2.20E+00,2.20E+00,2.20E+00,2.20E+00,2.20E+00,2.20E+00,2.20E+00,2.20E+00,2.20E+00,2.20E+00,2.20E+00,2.20E+00,2.20E+00,2.20E+00,2.20E+00,2.20E+00,0.00E+00,0.00E+00,0.00E+00,0.00E+00,0.00E+00,6.32E+00,0.00E+00,0.00E+00,0.00E+00,0.00E+00,0.169588466
2.20E+00,2.20E+00,2.20E+00,2.20E+00,2.20E+00,2.20E+00,2.20E+00,2.20E+00,2.20E+00,2.20E+00,2.20E+00,2.20E+00,2.20E+00,2.20E+00,2.20E+00,2.20E+00,2.20E+00,2.20E+00,2.20E+00,2.20E+00,2.20E+00,2.20E+00,2.20E+00,2.20E+00,2.20E+00,2.20E+00,2.20E+00,2.20E+00,0.00E+00,0.00E+00,0.00E+00,0.00E+00,3.02E+00,0.00E+00,0.00E+00,0.00E+00,0.00E+00,0.00E+00,0.134013556
2.20E+00,2.20E+00,2.20E+00,2.20E+00,2.20E+00,2.20E+00,2.20E+00,2.20E+00,2.20E+00,2.20E+00,2.20E+00,2.20E+00,2.20E+00,2.20E+00,2.20E+00,2.20E+00,2.20E+00,2.20E+00,2.20E+00,2.20E+00,2.20E+00,2.20E+00,2.20E+00,2.20E+00,2.20E+00,2.20E+00,2.20E+00,2.20E+00,0.00E+00,3.04E+00,0.00E+00,0.00E+00,0.00E+00,0.00E+00,0.00E+00,0.00E+00,0.00E+00,0.00E+00,0.18857016
2.20E+00,2.20E+00,2.20E+00,2.20E+00,2.20E+00,2.20E+00,2.20E+00,2.20E+00,2.20E+00,2.20E+00,2.20E+00,2.20E+00,2.20E+00,2.20E+00,2.20E+00,2.20E+00,2.20E+00,2.20E+00,2.20E+00,2.20E+00,2.20E+00,2.20E+00,2.20E+00,2.20E+00,2.20E+00,2.20E+00,2.20E+00,2.20E+00,0.00E+00,0.00E+00,2.08E+00,0.00E+00,0.00E+00,0.00E+00,0.00E+00,0.00E+00,0.00E+00,0.00E+00,0.198976833
2.20E+00,2.20E+00,2.20E+00,2.20E+00,2.20E+00,2.20E+00,2.20E+00,2.20E+00,2.20E+00,2.20E+00,2.20E+00,2.20E+00,2.20E+00,2.20E+00,2.20E+00,2.20E+00,2.20E+00,2.20E+00,2.20E+00,2.20E+00,2.20E+00,2.20E+00,2.20E+00,2.20E+00,2.20E+00,2.20E+00,2.20E+00,2.20E+00,0.00E+00,0.00E+00,0.00E+00,0.00E+00,0.00E+00,0.00E+00,0.00E+00,0.00E+00,0.00E+00,8.90E+00,0.071987774
2.20E+00,2.20E+00,2.20E+00,2.20E+00,2.20E+00,2.20E+00,2.20E+00,2.20E+00,2.20E+00,2.20E+00,2.20E+00,2.20E+00,2.20E+00,2.20E+00,2.20E+00,2.20E+00,2.20E+00,2.20E+00,2.20E+00,2.20E+00,2.20E+00,2.20E+00,2.20E+00,2.20E+00,2.20E+00,2.20E+00,2.20E+00,2.20E+00,0.00E+00,0.00E+00,0.00E+00,0.00E+00,0.00E+00,0.00E+00,5.35E-01,0.00E+00,0.00E+00,0.00E+00,0.092418342
2.20E+00,2.20E+00,2.20E+00,2.20E+00,2.20E+00,2.20E+00,2.20E+00,2.20E+00,2.20E+00,2.20E+00,2.20E+00,2.20E+00,2.20E+00,2.20E+00,2.20E+00,2.20E+00,2.20E+00,2.20E+00,2.20E+00,2.20E+00,2.20E+00,2.20E+00,2.20E+00,2.20E+00,2.20E+00,2.20E+00,2.20E+00,2.20E+00,0.00E+00,0.00E+00,0.00E+00,0.00E+00,0.00E+00,0.00E+00,0.00E+00,4.07E+00,0.00E+00,0.00E+00,0.088127768
2.20E+00,2.20E+00,2.20E+00,2.20E+00,2.20E+00,2.20E+00,2.20E+00,2.20E+00,2.20E+00,2.20E+00,2.20E+00,2.20E+00,2.20E+00,2.20E+00,2.20E+00,2.20E+00,2.20E+00,2.20E+00,2.20E+00,2.20E+00,2.20E+00,2.20E+00,2.20E+00,2.20E+00,2.20E+00,2.20E+00,2.20E+00,2.20E+00,6.37E+00,0.00E+00,0.00E+00,0.00E+00,0.00E+00,0.00E+00,0.00E+00,0.00E+00,0.00E+00,0.00E+00,0.089982767
2.20E+00,2.20E+00,2.20E+00,2.20E+00,2.20E+00,2.20E+00,2.20E+00,2.20E+00,2.20E+00,2.20E+00,2.20E+00,2.20E+00,2.20E+00,2.20E+00,2.20E+00,2.20E+00,2.20E+00,2.20E+00,2.20E+00,2.20E+00,2.20E+00,2.20E+00,2.20E+00,2.20E+00,2.20E+00,2.20E+00,2.20E+00,2.20E+00,0.00E+00,0.00E+00,0.00E+00,2.35E+00,0.00E+00,0.00E+00,0.00E+00,0.00E+00,0.00E+00,0.00E+00,0.198852586
2.20E+00,2.20E+00,2.20E+00,2.20E+00,2.20E+00,2.20E+00,2.20E+00,2.20E+00,2.20E+00,2.20E+00,2.20E+00,2.20E+00,2.20E+00,2.20E+00,2.20E+00,2.20E+00,2.20E+00,2.20E+00,2.20E+00,2.20E+00,2.20E+00,2.20E+00,2.20E+00,2.20E+00,2.20E+00,2.20E+00,2.20E+00,2.20E+00,0.00E+00,0.00E+00,0.00E+00,0.00E+00,0.00E+00,0.00E+00,0.00E+00,0.00E+00,0.00E+00,0.00E+00,0.105387655
2.20E+00,2.20E+00,2.20E+00,2.20E+00,2.20E+00,2.20E+00,2.20E+00,2.20E+00,2.20E+00,2.20E+00,2.20E+00,2.20E+00,2.20E+00,2.20E+00,2.20E+00,2.20E+00,2.20E+00,2.20E+00,2.20E+00,2.20E+00,2.20E+00,2.20E+00,2.20E+00,2.20E+00,2.20E+00,2.20E+00,2.20E+00,2.20E+00,0.00E+00,0.00E+00,2.45E+00,0.00E+00,0.00E+00,4.63E+00,0.00E+00,0.00E+00,0.00E+00,0.00E+00,0.268063388
2.20E+00,2.20E+00,2.20E+00,2.20E+00,2.20E+00,2.20E+00,2.20E+00,2.20E+00,2.20E+00,2.20E+00,2.20E+00,2.20E+00,2.20E+00,2.20E+00,2.20E+00,2.20E+00,2.20E+00,2.20E+00,2.20E+00,2.20E+00,2.20E+00,2.20E+00,2.20E+00,2.20E+00,2.20E+00,2.20E+00,2.20E+00,2.20E+00,0.00E+00,0.00E+00,0.00E+00,0.00E+00,0.00E+00,0.00E+00,0.00E+00,0.00E+00,0.00E+00,1.02E+01,0.157565361
2.20E+00,2.20E+00,2.20E+00,2.20E+00,2.20E+00,2.20E+00,2.20E+00,2.20E+00,2.20E+00,2.20E+00,2.20E+00,2.20E+00,2.20E+00,2.20E+00,2.20E+00,2.20E+00,2.20E+00,2.20E+00,2.20E+00,2.20E+00,2.20E+00,2.20E+00,2.20E+00,2.20E+00,2.20E+00,2.20E+00,2.20E+00,2.20E+00,0.00E+00,0.00E+00,2.42E+00,0.00E+00,0.00E+00,0.00E+00,0.00E+00,4.58E+00,0.00E+00,0.00E+00,0.120922381
2.20E+00,2.20E+00,2.20E+00,2.20E+00,2.20E+00,2.20E+00,2.20E+00,2.20E+00,2.20E+00,2.20E+00,2.20E+00,2.20E+00,2.20E+00,2.20E+00,2.20E+00,2.20E+00,2.20E+00,2.20E+00,2.20E+00,2.20E+00,2.20E+00,2.20E+00,2.20E+00,2.20E+00,2.20E+00,2.20E+00,2.20E+00,2.20E+00,0.00E+00,0.00E+00,0.00E+00,2.68E+00,2.67E+00,0.00E+00,0.00E+00,0.00E+00,0.00E+00,0.00E+00,0.272873308
2.20E+00,2.20E+00,2.20E+00,2.20E+00,2.20E+00,2.20E+00,2.20E+00,2.20E+00,2.20E+00,2.20E+00,2.20E+00,2.20E+00,2.20E+00,2.20E+00,2.20E+00,2.20E+00,2.20E+00,2.20E+00,2.20E+00,2.20E+00,2.20E+00,2.20E+00,2.20E+00,2.20E+00,2.20E+00,2.20E+00,2.20E+00,2.20E+00,0.00E+00,0.00E+00,0.00E+00,2.70E+00,0.00E+00,5.26E+00,0.00E+00,0.00E+00,0.00E+00,0.00E+00,0.294497138
2.20E+00,2.20E+00,2.20E+00,2.20E+00,2.20E+00,2.20E+00,2.20E+00,2.20E+00,2.20E+00,2.20E+00,2.20E+00,2.20E+00,2.20E+00,2.20E+00,2.20E+00,2.20E+00,2.20E+00,2.20E+00,2.20E+00,2.20E+00,2.20E+00,2.20E+00,2.20E+00,2.20E+00,2.20E+00,2.20E+00,2.20E+00,2.20E+00,0.00E+00,4.21E+00,0.00E+00,0.00E+00,0.00E+00,0.00E+00,3.43E-01,0.00E+00,0.00E+00,0.00E+00,0.238556665
2.20E+00,2.20E+00,2.20E+00,2.20E+00,2.20E+00,2.20E+00,2.20E+00,2.20E+00,2.20E+00,2.20E+00,2.20E+00,2.20E+00,2.20E+00,2.20E+00,2.20E+00,2.20E+00,2.20E+00,2.20E+00,2.20E+00,2.20E+00,2.20E+00,2.20E+00,2.20E+00,2.20E+00,2.20E+00,2.20E+00,2.20E+00,2.20E+00,6.56E+00,0.00E+00,0.00E+00,0.00E+00,3.21E+00,0.00E+00,0.00E+00,0.00E+00,0.00E+00,0.00E+00,0.253055112
2.20E+00,2.20E+00,2.20E+00,2.20E+00,2.20E+00,2.20E+00,2.20E+00,2.20E+00,2.20E+00,2.20E+00,2.20E+00,2.20E+00,2.20E+00,2.20E+00,2.20E+00,2.20E+00,2.20E+00,2.20E+00,2.20E+00,2.20E+00,2.20E+00,2.20E+00,2.20E+00,2.20E+00,2.20E+00,2.20E+00,2.20E+00,2.20E+00,0.00E+00,2.67E+00,0.00E+00,2.70E+00,0.00E+00,0.00E+00,0.00E+00,0.00E+00,0.00E+00,0.00E+00,0.260576026
2.20E+00,2.20E+00,2.20E+00,2.20E+00,2.20E+00,2.20E+00,2.20E+00,2.20E+00,2.20E+00,2.20E+00,2.20E+00,2.20E+00,2.20E+00,2.20E+00,2.20E+00,2.20E+00,2.20E+00,2.20E+00,2.20E+00,2.20E+00,2.20E+00,2.20E+00,2.20E+00,2.20E+00,2.20E+00,2.20E+00,2.20E+00,2.20E+00,0.00E+00,0.00E+00,0.00E+00,0.00E+00,0.00E+00,6.11E+00,0.00E+00,0.00E+00,0.00E+00,0.00E+00,0.281626307
2.20E+00,2.20E+00,2.20E+00,2.20E+00,2.20E+00,2.20E+00,2.20E+00,2.20E+00,2.20E+00,2.20E+00,2.20E+00,2.20E+00,2.20E+00,2.20E+00,2.20E+00,2.20E+00,2.20E+00,2.20E+00,2.20E+00,2.20E+00,2.20E+00,2.20E+00,2.20E+00,2.20E+00,2.20E+00,2.20E+00,2.20E+00,2.20E+00,0.00E+00,0.00E+00,0.00E+00,0.00E+00,2.87E+00,0.00E+00,0.00E+00,0.00E+00,0.00E+00,9.44E+00,0.135054594
2.20E+00,2.20E+00,2.20E+00,2.20E+00,2.20E+00,2.20E+00,2.20E+00,2.20E+00,2.20E+00,2.20E+00,2.20E+00,2.20E+00,2.20E+00,2.20E+00,2.20E+00,2.20E+00,2.20E+00,2.20E+00,2.20E+00,2.20E+00,2.20E+00,2.20E+00,2.20E+00,2.20E+00,2.20E+00,2.20E+00,2.20E+00,2.20E+00,0.00E+00,0.00E+00,0.00E+00,0.00E+00,2.78E+00,0.00E+00,0.00E+00,0.00E+00,0.00E+00,9.87E+00,0.144891489
2.20E+00,2.20E+00,2.20E+00,2.20E+00,2.20E+00,2.20E+00,2.20E+00,2.20E+00,2.20E+00,2.20E+00,2.20E+00,2.20E+00,2.20E+00,2.20E+00,2.20E+00,2.20E+00,2.20E+00,2.20E+00,2.20E+00,2.20E+00,2.20E+00,2.20E+00,2.20E+00,2.20E+00,2.20E+00,2.20E+00,2.20E+00,2.20E+00,0.00E+00,1.96E+00,0.00E+00,0.00E+00,0.00E+00,5.23E+00,0.00E+00,0.00E+00,0.00E+00,6.69E+00,0.24085268
2.20E+00,2.20E+00,2.20E+00,2.20E+00,2.20E+00,2.20E+00,2.20E+00,2.20E+00,2.20E+00,2.20E+00,2.20E+00,2.20E+00,2.20E+00,2.20E+00,2.20E+00,2.20E+00,2.20E+00,2.20E+00,2.20E+00,2.20E+00,2.20E+00,2.20E+00,2.20E+00,2.20E+00,2.20E+00,2.20E+00,2.20E+00,2.20E+00,6.52E+00,0.00E+00,1.72E+00,0.00E+00,3.43E+00,0.00E+00,0.00E+00,0.00E+00,0.00E+00,0.00E+00,0.243726969
2.20E+00,2.20E+00,2.20E+00,2.20E+00,2.20E+00,2.20E+00,2.20E+00,2.20E+00,2.20E+00,2.20E+00,2.20E+00,2.20E+00,2.20E+00,2.20E+00,2.20E+00,2.20E+00,2.20E+00,2.20E+00,2.20E+00,2.20E+00,2.20E+00,2.20E+00,2.20E+00,2.20E+00,2.20E+00,2.20E+00,2.20E+00,2.20E+00,0.00E+00,0.00E+00,0.00E+00,0.00E+00,0.00E+00,0.00E+00,6.64E-01,5.20E+00,0.00E+00,6.21E+00,0.105929867
2.20E+00,2.20E+00,2.20E+00,2.20E+00,2.20E+00,2.20E+00,2.20E+00,2.20E+00,2.20E+00,2.20E+00,2.20E+00,2.20E+00,2.20E+00,2.20E+00,2.20E+00,2.20E+00,2.20E+00,2.20E+00,2.20E+00,2.20E+00,2.20E+00,2.20E+00,2.20E+00,2.20E+00,2.20E+00,2.20E+00,2.20E+00,2.20E+00,0.00E+00,0.00E+00,5.35E-01,0.00E+00,0.00E+00,0.00E+00,8.56E-01,0.00E+00,0.00E+00,7.72E+00,0.108236991
2.20E+00,2.20E+00,2.20E+00,2.20E+00,2.20E+00,2.20E+00,2.20E+00,2.20E+00,2.20E+00,2.20E+00,2.20E+00,2.20E+00,2.20E+00,2.20E+00,2.20E+00,2.20E+00,2.20E+00,2.20E+00,2.20E+00,2.20E+00,2.20E+00,2.20E+00,2.20E+00,2.20E+00,2.20E+00,2.20E+00,2.20E+00,2.20E+00,0.00E+00,2.83E+00,2.48E+00,0.00E+00,2.15E+00,0.00E+00,0.00E+00,0.00E+00,0.00E+00,0.00E+00,0.245113031
2.20E+00,2.20E+00,2.20E+00,2.20E+00,2.20E+00,2.20E+00,2.20E+00,2.20E+00,2.20E+00,2.20E+00,2.20E+00,2.20E+00,2.20E+00,2.20E+00,2.20E+00,2.20E+00,2.20E+00,2.20E+00,2.20E+00,2.20E+00,2.20E+00,2.20E+00,2.20E+00,2.20E+00,2.20E+00,2.20E+00,2.20E+00,2.20E+00,1.08E+01,0.00E+00,0.00E+00,3.22E+00,0.00E+00,0.00E+00,0.00E+00,0.00E+00,0.00E+00,0.00E+00,0.309901093
2.20E+00,2.20E+00,2.20E+00,2.20E+00,2.20E+00,2.20E+00,2.20E+00,2.20E+00,2.20E+00,2.20E+00,2.20E+00,2.20E+00,2.20E+00,2.20E+00,2.20E+00,2.20E+00,2.20E+00,2.20E+00,2.20E+00,2.20E+00,2.20E+00,2.20E+00,2.20E+00,2.20E+00,2.20E+00,2.20E+00,2.20E+00,2.20E+00,0.00E+00,0.00E+00,2.24E+00,3.00E+00,0.00E+00,0.00E+00,0.00E+00,0.00E+00,0.00E+00,0.00E+00,0.199950031
2.20E+00,2.20E+00,2.20E+00,2.20E+00,2.20E+00,2.20E+00,2.20E+00,2.20E+00,2.20E+00,2.20E+00,2.20E+00,2.20E+00,2.20E+00,2.20E+00,2.20E+00,2.20E+00,2.20E+00,2.20E+00,2.20E+00,2.20E+00,2.20E+00,2.20E+00,2.20E+00,2.20E+00,2.20E+00,2.20E+00,2.20E+00,2.20E+00,1.25E+01,0.00E+00,0.00E+00,0.00E+00,0.00E+00,0.00E+00,0.00E+00,0.00E+00,0.00E+00,1.18E+01,0.207729257
2.20E+00,2.20E+00,2.20E+00,2.20E+00,2.20E+00,2.20E+00,2.20E+00,2.20E+00,2.20E+00,2.20E+00,2.20E+00,2.20E+00,2.20E+00,2.20E+00,2.20E+00,2.20E+00,2.20E+00,2.20E+00,2.20E+00,2.20E+00,2.20E+00,2.20E+00,2.20E+00,2.20E+00,2.20E+00,2.20E+00,2.20E+00,2.20E+00,0.00E+00,2.20E+00,0.00E+00,0.00E+00,1.27E+00,4.95E+00,0.00E+00,0.00E+00,0.00E+00,0.00E+00,0.383662668
2.20E+00,2.20E+00,2.20E+00,2.20E+00,2.20E+00,2.20E+00,2.20E+00,2.20E+00,2.20E+00,2.20E+00,2.20E+00,2.20E+00,2.20E+00,2.20E+00,2.20E+00,2.20E+00,2.20E+00,2.20E+00,2.20E+00,2.20E+00,2.20E+00,2.20E+00,2.20E+00,2.20E+00,2.20E+00,2.20E+00,2.20E+00,2.20E+00,8.11E+00,0.00E+00,0.00E+00,1.67E+00,0.00E+00,0.00E+00,0.00E+00,5.09E+00,0.00E+00,1.12E+01,0.224679495
2.20E+00,2.20E+00,2.20E+00,2.20E+00,2.20E+00,2.20E+00,2.20E+00,2.20E+00,2.20E+00,2.20E+00,2.20E+00,2.20E+00,2.20E+00,2.20E+00,2.20E+00,2.20E+00,2.20E+00,2.20E+00,2.20E+00,2.20E+00,2.20E+00,2.20E+00,2.20E+00,2.20E+00,2.20E+00,2.20E+00,2.20E+00,2.20E+00,1.12E+01,0.00E+00,0.00E+00,0.00E+00,5.39E+00,5.72E+00,0.00E+00,0.00E+00,0.00E+00,0.00E+00,0.351974311
2.20E+00,2.20E+00,2.20E+00,2.20E+00,2.20E+00,2.20E+00,2.20E+00,2.20E+00,2.20E+00,2.20E+00,2.20E+00,2.20E+00,2.20E+00,2.20E+00,2.20E+00,2.20E+00,2.20E+00,2.20E+00,2.20E+00,2.20E+00,2.20E+00,2.20E+00,2.20E+00,2.20E+00,2.20E+00,2.20E+00,2.20E+00,2.20E+00,0.00E+00,0.00E+00,3.61E+00,0.00E+00,0.00E+00,0.00E+00,2.65E-01,9.25E+00,0.00E+00,0.00E+00,0.225548644
2.20E+00,2.20E+00,2.20E+00,2.20E+00,2.20E+00,2.20E+00,2.20E+00,2.20E+00,2.20E+00,2.20E+00,2.20E+00,2.20E+00,2.20E+00,2.20E+00,2.20E+00,2.20E+00,2.20E+00,2.20E+00,2.20E+00,2.20E+00,2.20E+00,2.20E+00,2.20E+00,2.20E+00,2.20E+00,2.20E+00,2.20E+00,2.20E+00,0.00E+00,0.00E+00,0.00E+00,0.00E+00,8.86E-01,0.00E+00,0.00E+00,3.98E+00,0.00E+00,8.55E+00,0.133984234
2.20E+00,2.20E+00,2.20E+00,2.20E+00,2.20E+00,2.20E+00,2.20E+00,2.20E+00,2.20E+00,2.20E+00,2.20E+00,2.20E+00,2.20E+00,2.20E+00,2.20E+00,2.20E+00,2.20E+00,2.20E+00,2.20E+00,2.20E+00,2.20E+00,2.20E+00,2.20E+00,2.20E+00,2.20E+00,2.20E+00,2.20E+00,2.20E+00,5.84E+00,0.00E+00,4.76E-01,9.52E-01,0.00E+00,0.00E+00,0.00E+00,0.00E+00,0.00E+00,5.28E+00,0.239695735
2.20E+00,2.20E+00,2.20E+00,2.20E+00,2.20E+00,2.20E+00,2.20E+00,2.20E+00,2.20E+00,2.20E+00,2.20E+00,2.20E+00,2.20E+00,2.20E+00,2.20E+00,2.20E+00,2.20E+00,2.20E+00,2.20E+00,2.20E+00,2.20E+00,2.20E+00,2.20E+00,2.20E+00,2.20E+00,2.20E+00,2.20E+00,2.20E+00,9.42E+00,2.08E+00,0.00E+00,3.42E+00,0.00E+00,0.00E+00,0.00E+00,0.00E+00,0.00E+00,0.00E+00,0.36538323
2.20E+00,2.20E+00,2.20E+00,2.20E+00,2.20E+00,2.20E+00,2.20E+00,2.20E+00,2.20E+00,2.20E+00,2.20E+00,2.20E+00,2.20E+00,2.20E+00,2.20E+00,2.20E+00,2.20E+00,2.20E+00,2.20E+00,2.20E+00,2.20E+00,2.20E+00,2.20E+00,2.20E+00,2.20E+00,2.20E+00,2.20E+00,2.20E+00,0.00E+00,0.00E+00,0.00E+00,0.00E+00,1.93E+00,2.95E+00,0.00E+00,0.00E+00,0.00E+00,7.97E+00,0.186275974
2.20E+00,2.20E+00,2.20E+00,2.20E+00,2.20E+00,2.20E+00,2.20E+00,2.20E+00,2.20E+00,2.20E+00,2.20E+00,2.20E+00,2.20E+00,2.20E+00,2.20E+00,2.20E+00,2.20E+00,2.20E+00,2.20E+00,2.20E+00,2.20E+00,2.20E+00,2.20E+00,2.20E+00,2.20E+00,2.20E+00,2.20E+00,2.20E+00,0.00E+00,3.60E+00,0.00E+00,0.00E+00,2.60E+00,0.00E+00,0.00E+00,0.00E+00,0.00E+00,9.44E+00,0.161186133
2.20E+00,2.20E+00,2.20E+00,2.20E+00,2.20E+00,2.20E+00,2.20E+00,2.20E+00,2.20E+00,2.20E+00,2.20E+00,2.20E+00,2.20E+00,2.20E+00,2.20E+00,2.20E+00,2.20E+00,2.20E+00,2.20E+00,2.20E+00,2.20E+00,2.20E+00,2.20E+00,2.20E+00,2.20E+00,2.20E+00,2.20E+00,2.20E+00,6.13E+00,3.96E+00,0.00E+00,0.00E+00,0.00E+00,5.05E+00,6.33E-01,0.00E+00,0.00E+00,0.00E+00,0.344171114
2.20E+00,2.20E+00,2.20E+00,2.20E+00,2.20E+00,2.20E+00,2.20E+00,2.20E+00,2.20E+00,2.20E+00,2.20E+00,2.20E+00,2.20E+00,2.20E+00,2.20E+00,2.20E+00,2.20E+00,2.20E+00,2.20E+00,2.20E+00,2.20E+00,2.20E+00,2.20E+00,2.20E+00,2.20E+00,2.20E+00,2.20E+00,2.20E+00,8.92E+00,0.00E+00,2.57E+00,2.79E+00,0.00E+00,0.00E+00,0.00E+00,0.00E+00,0.00E+00,0.00E+00,0.296364336
2.20E+00,2.20E+00,2.20E+00,2.20E+00,2.20E+00,2.20E+00,2.20E+00,2.20E+00,2.20E+00,2.20E+00,2.20E+00,2.20E+00,2.20E+00,2.20E+00,2.20E+00,2.20E+00,2.20E+00,2.20E+00,2.20E+00,2.20E+00,2.20E+00,2.20E+00,2.20E+00,2.20E+00,2.20E+00,2.20E+00,2.20E+00,2.20E+00,1.13E+01,0.00E+00,0.00E+00,3.77E+00,5.35E+00,0.00E+00,0.00E+00,0.00E+00,0.00E+00,0.00E+00,0.413456737
2.20E+00,2.20E+00,2.20E+00,2.20E+00,2.20E+00,2.20E+00,2.20E+00,2.20E+00,2.20E+00,2.20E+00,2.20E+00,2.20E+00,2.20E+00,2.20E+00,2.20E+00,2.20E+00,2.20E+00,2.20E+00,2.20E+00,2.20E+00,2.20E+00,2.20E+00,2.20E+00,2.20E+00,2.20E+00,2.20E+00,2.20E+00,2.20E+00,1.20E+01,0.00E+00,0.00E+00,0.00E+00,0.00E+00,6.49E+00,9.94E-01,0.00E+00,0.00E+00,0.00E+00,0.256083251
2.20E+00,2.20E+00,2.20E+00,2.20E+00,2.20E+00,2.20E+00,2.20E+00,2.20E+00,2.20E+00,2.20E+00,2.20E+00,2.20E+00,2.20E+00,2.20E+00,2.20E+00,2.20E+00,2.20E+00,2.20E+00,2.20E+00,2.20E+00,2.20E+00,2.20E+00,2.20E+00,2.20E+00,2.20E+00,2.20E+00,2.20E+00,2.20E+00,0.00E+00,0.00E+00,0.00E+00,3.99E+00,3.27E+00,6.45E+00,0.00E+00,0.00E+00,0.00E+00,0.00E+00,0.394896858
2.20E+00,2.20E+00,2.20E+00,2.20E+00,2.20E+00,2.20E+00,2.20E+00,2.20E+00,2.20E+00,2.20E+00,2.20E+00,2.20E+00,2.20E+00,2.20E+00,2.20E+00,2.20E+00,2.20E+00,2.20E+00,2.20E+00,2.20E+00,2.20E+00,2.20E+00,2.20E+00,2.20E+00,2.20E+00,2.20E+00,2.20E+00,2.20E+00,0.00E+00,0.00E+00,0.00E+00,4.75E+00,0.00E+00,4.88E+00,0.00E+00,0.00E+00,0.00E+00,0.00E+00,0.420538476
2.20E+00,2.20E+00,2.20E+00,2.20E+00,2.20E+00,2.20E+00,2.20E+00,2.20E+00,2.20E+00,2.20E+00,2.20E+00,2.20E+00,2.20E+00,2.20E+00,2.20E+00,2.20E+00,2.20E+00,2.20E+00,2.20E+00,2.20E+00,2.20E+00,2.20E+00,2.20E+00,2.20E+00,2.20E+00,2.20E+00,2.20E+00,2.20E+00,0.00E+00,2.09E+00,1.64E+00,0.00E+00,0.00E+00,4.22E+00,0.00E+00,4.62E+00,0.00E+00,0.00E+00,0.304988049
2.20E+00,2.20E+00,2.20E+00,2.20E+00,2.20E+00,2.20E+00,2.20E+00,2.20E+00,2.20E+00,2.20E+00,2.20E+00,2.20E+00,2.20E+00,2.20E+00,2.20E+00,2.20E+00,2.20E+00,2.20E+00,2.20E+00,2.20E+00,2.20E+00,2.20E+00,2.20E+00,2.20E+00,2.20E+00,2.20E+00,2.20E+00,2.20E+00,0.00E+00,0.00E+00,0.00E+00,0.00E+00,2.99E+00,0.00E+00,0.00E+00,0.00E+00,0.00E+00,1.37E+01,0.23150512
2.20E+00,2.20E+00,2.20E+00,2.20E+00,2.20E+00,2.20E+00,2.20E+00,2.20E+00,2.20E+00,2.20E+00,2.20E+00,2.20E+00,2.20E+00,2.20E+00,2.20E+00,2.20E+00,2.20E+00,2.20E+00,2.20E+00,2.20E+00,2.20E+00,2.20E+00,2.20E+00,2.20E+00,2.20E+00,2.20E+00,2.20E+00,2.20E+00,0.00E+00,0.00E+00,0.00E+00,2.62E+00,0.00E+00,3.78E+00,3.61E-01,0.00E+00,0.00E+00,9.51E+00,0.270815956
2.20E+00,2.20E+00,2.20E+00,2.20E+00,2.20E+00,2.20E+00,2.20E+00,2.20E+00,2.20E+00,2.20E+00,2.20E+00,2.20E+00,2.20E+00,2.20E+00,2.20E+00,2.20E+00,2.20E+00,2.20E+00,2.20E+00,2.20E+00,2.20E+00,2.20E+00,2.20E+00,2.20E+00,2.20E+00,2.20E+00,2.20E+00,2.20E+00,0.00E+00,2.01E+00,1.32E+00,2.19E+00,0.00E+00,0.00E+00,0.00E+00,4.52E+00,0.00E+00,0.00E+00,0.335098776
2.20E+00,2.20E+00,2.20E+00,2.20E+00,2.20E+00,2.20E+00,2.20E+00,2.20E+00,2.20E+00,2.20E+00,2.20E+00,2.20E+00,2.20E+00,2.20E+00,2.20E+00,2.20E+00,2.20E+00,2.20E+00,2.20E+00,2.20E+00,2.20E+00,2.20E+00,2.20E+00,2.20E+00,2.20E+00,2.20E+00,2.20E+00,2.20E+00,0.00E+00,1.19E+00,0.00E+00,1.84E+00,0.00E+00,0.00E+00,0.00E+00,3.51E+00,0.00E+00,7.49E+00,0.278489607
2.20E+00,2.20E+00,2.20E+00,2.20E+00,2.20E+00,2.20E+00,2.20E+00,2.20E+00,2.20E+00,2.20E+00,2.20E+00,2.20E+00,2.20E+00,2.20E+00,2.20E+00,2.20E+00,2.20E+00,2.20E+00,2.20E+00,2.20E+00,2.20E+00,2.20E+00,2.20E+00,2.20E+00,2.20E+00,2.20E+00,2.20E+00,2.20E+00,0.00E+00,0.00E+00,1.01E+00,0.00E+00,0.00E+00,0.00E+00,2.91E-01,5.82E+00,0.00E+00,9.41E+00,0.076529395
2.20E+00,2.20E+00,2.20E+00,2.20E+00,2.20E+00,2.20E+00,2.20E+00,2.20E+00,2.20E+00,2.20E+00,2.20E+00,2.20E+00,2.20E+00,2.20E+00,2.20E+00,2.20E+00,2.20E+00,2.20E+00,2.20E+00,2.20E+00,2.20E+00,2.20E+00,2.20E+00,2.20E+00,2.20E+00,2.20E+00,2.20E+00,2.20E+00,0.00E+00,0.00E+00,0.00E+00,0.00E+00,0.00E+00,0.00E+00,4.59E-01,3.96E+00,0.00E+00,0.00E+00,0.070366424
2.20E+00,2.20E+00,2.20E+00,2.20E+00,2.20E+00,2.20E+00,2.20E+00,2.20E+00,2.20E+00,2.20E+00,2.20E+00,2.20E+00,2.20E+00,2.20E+00,2.20E+00,2.20E+00,2.20E+00,2.20E+00,2.20E+00,2.20E+00,2.20E+00,2.20E+00,2.20E+00,2.20E+00,2.20E+00,2.20E+00,2.20E+00,2.20E+00,0.00E+00,0.00E+00,0.00E+00,4.05E+00,0.00E+00,0.00E+00,0.00E+00,0.00E+00,0.00E+00,0.00E+00,0.209535827
2.20E+00,2.20E+00,2.20E+00,2.20E+00,2.20E+00,2.20E+00,2.20E+00,2.20E+00,2.20E+00,2.20E+00,2.20E+00,2.20E+00,2.20E+00,2.20E+00,2.20E+00,2.20E+00,2.20E+00,2.20E+00,2.20E+00,2.20E+00,2.20E+00,2.20E+00,2.20E+00,2.20E+00,2.20E+00,2.20E+00,2.20E+00,2.20E+00,8.27E+00,0.00E+00,0.00E+00,0.00E+00,0.00E+00,0.00E+00,0.00E+00,0.00E+00,0.00E+00,0.00E+00,0.113544159
2.20E+00,2.20E+00,2.20E+00,2.20E+00,2.20E+00,2.20E+00,2.20E+00,2.20E+00,2.20E+00,2.20E+00,2.20E+00,2.20E+00,2.20E+00,2.20E+00,2.20E+00,2.20E+00,2.20E+00,2.20E+00,2.20E+00,2.20E+00,2.20E+00,2.20E+00,2.20E+00,2.20E+00,2.20E+00,2.20E+00,2.20E+00,2.20E+00,0.00E+00,0.00E+00,0.00E+00,4.06E+00,0.00E+00,0.00E+00,0.00E+00,0.00E+00,0.00E+00,0.00E+00,0.219319105
2.20E+00,2.20E+00,2.20E+00,2.20E+00,2.20E+00,2.20E+00,2.20E+00,2.20E+00,2.20E+00,2.20E+00,2.20E+00,2.20E+00,2.20E+00,2.20E+00,2.20E+00,2.20E+00,2.20E+00,2.20E+00,2.20E+00,2.20E+00,2.20E+00,2.20E+00,2.20E+00,2.20E+00,2.20E+00,2.20E+00,2.20E+00,2.20E+00,0.00E+00,2.68E+00,0.00E+00,0.00E+00,0.00E+00,5.83E+00,0.00E+00,0.00E+00,0.00E+00,0.00E+00,0.331564639
2.20E+00,2.20E+00,2.20E+00,2.20E+00,2.20E+00,2.20E+00,2.20E+00,2.20E+00,2.20E+00,2.20E+00,2.20E+00,2.20E+00,2.20E+00,2.20E+00,2.20E+00,2.20E+00,2.20E+00,2.20E+00,2.20E+00,2.20E+00,2.20E+00,2.20E+00,2.20E+00,2.20E+00,2.20E+00,2.20E+00,2.20E+00,2.20E+00,0.00E+00,0.00E+00,0.00E+00,0.00E+00,0.00E+00,0.00E+00,0.00E+00,6.81E+00,0.00E+00,0.00E+00,0.136775395
2.20E+00,2.20E+00,2.20E+00,2.20E+00,2.20E+00,2.20E+00,2.20E+00,2.20E+00,2.20E+00,2.20E+00,2.20E+00,2.20E+00,2.20E+00,2.20E+00,2.20E+00,2.20E+00,2.20E+00,2.20E+00,2.20E+00,2.20E+00,2.20E+00,2.20E+00,2.20E+00,2.20E+00,2.20E+00,2.20E+00,2.20E+00,2.20E+00,8.01E+00,0.00E+00,0.00E+00,0.00E+00,0.00E+00,0.00E+00,0.00E+00,0.00E+00,0.00E+00,7.32E+00,0.13622547
2.20E+00,2.20E+00,2.20E+00,2.20E+00,2.20E+00,2.20E+00,2.20E+00,2.20E+00,2.20E+00,2.20E+00,2.20E+00,2.20E+00,2.20E+00,2.20E+00,2.20E+00,2.20E+00,2.20E+00,2.20E+00,2.20E+00,2.20E+00,2.20E+00,2.20E+00,2.20E+00,2.20E+00,2.20E+00,2.20E+00,2.20E+00,2.20E+00,0.00E+00,0.00E+00,0.00E+00,0.00E+00,2.12E+00,0.00E+00,0.00E+00,6.09E+00,0.00E+00,0.00E+00,0.10738262
2.20E+00,2.20E+00,2.20E+00,2.20E+00,2.20E+00,2.20E+00,2.20E+00,2.20E+00,2.20E+00,2.20E+00,2.20E+00,2.20E+00,2.20E+00,2.20E+00,2.20E+00,2.20E+00,2.20E+00,2.20E+00,2.20E+00,2.20E+00,2.20E+00,2.20E+00,2.20E+00,2.20E+00,2.20E+00,2.20E+00,2.20E+00,2.20E+00,0.00E+00,0.00E+00,4.16E+00,0.00E+00,0.00E+00,0.00E+00,0.00E+00,0.00E+00,0.00E+00,0.00E+00,0.227682007
2.20E+00,2.20E+00,2.20E+00,2.20E+00,2.20E+00,2.20E+00,2.20E+00,2.20E+00,2.20E+00,2.20E+00,2.20E+00,2.20E+00,2.20E+00,2.20E+00,2.20E+00,2.20E+00,2.20E+00,2.20E+00,2.20E+00,2.20E+00,2.20E+00,2.20E+00,2.20E+00,2.20E+00,2.20E+00,2.20E+00,2.20E+00,2.20E+00,0.00E+00,0.00E+00,0.00E+00,0.00E+00,0.00E+00,3.81E+00,0.00E+00,0.00E+00,0.00E+00,1.07E+01,0.202066599
2.20E+00,2.20E+00,2.20E+00,2.20E+00,2.20E+00,2.20E+00,2.20E+00,2.20E+00,2.20E+00,2.20E+00,2.20E+00,2.20E+00,2.20E+00,2.20E+00,2.20E+00,2.20E+00,2.20E+00,2.20E+00,2.20E+00,2.20E+00,2.20E+00,2.20E+00,2.20E+00,2.20E+00,2.20E+00,2.20E+00,2.20E+00,2.20E+00,0.00E+00,0.00E+00,0.00E+00,0.00E+00,0.00E+00,7.21E+00,0.00E+00,0.00E+00,0.00E+00,1.30E+01,0.227544843
2.20E+00,2.20E+00,2.20E+00,2.20E+00,2.20E+00,2.20E+00,2.20E+00,2.20E+00,2.20E+00,2.20E+00,2.20E+00,2.20E+00,2.20E+00,2.20E+00,2.20E+00,2.20E+00,2.20E+00,2.20E+00,2.20E+00,2.20E+00,2.20E+00,2.20E+00,2.20E+00,2.20E+00,2.20E+00,2.20E+00,2.20E+00,2.20E+00,0.00E+00,0.00E+00,2.22E+00,0.00E+00,0.00E+00,4.01E+00,0.00E+00,5.54E+00,0.00E+00,0.00E+00,0.213108001
2.20E+00,2.20E+00,2.20E+00,2.20E+00,2.20E+00,2.20E+00,2.20E+00,2.20E+00,2.20E+00,2.20E+00,2.20E+00,2.20E+00,2.20E+00,2.20E+00,2.20E+00,2.20E+00,2.20E+00,2.20E+00,2.20E+00,2.20E+00,2.20E+00,2.20E+00,2.20E+00,2.20E+00,2.20E+00,2.20E+00,2.20E+00,2.20E+00,0.00E+00,1.90E+00,0.00E+00,0.00E+00,0.00E+00,0.00E+00,4.38E-01,0.00E+00,0.00E+00,3.58E+00,0.262443281
2.20E+00,2.20E+00,2.20E+00,2.20E+00,2.20E+00,2.20E+00,2.20E+00,2.20E+00,2.20E+00,2.20E+00,2.20E+00,2.20E+00,2.20E+00,2.20E+00,2.20E+00,2.20E+00,2.20E+00,2.20E+00,2.20E+00,2.20E+00,2.20E+00,2.20E+00,2.20E+00,2.20E+00,2.20E+00,2.20E+00,2.20E+00,2.20E+00,5.41E+00,0.00E+00,1.16E+00,0.00E+00,0.00E+00,0.00E+00,0.00E+00,0.00E+00,0.00E+00,1.05E+01,0.186208949
2.20E+00,2.20E+00,2.20E+00,2.20E+00,2.20E+00,2.20E+00,2.20E+00,2.20E+00,2.20E+00,2.20E+00,2.20E+00,2.20E+00,2.20E+00,2.20E+00,2.20E+00,2.20E+00,2.20E+00,2.20E+00,2.20E+00,2.20E+00,2.20E+00,2.20E+00,2.20E+00,2.20E+00,2.20E+00,2.20E+00,2.20E+00,2.20E+00,0.00E+00,1.01E+00,0.00E+00,0.00E+00,1.71E+00,0.00E+00,0.00E+00,5.53E+00,0.00E+00,0.00E+00,0.168768829
2.20E+00,2.20E+00,2.20E+00,2.20E+00,2.20E+00,2.20E+00,2.20E+00,2.20E+00,2.20E+00,2.20E+00,2.20E+00,2.20E+00,2.20E+00,2.20E+00,2.20E+00,2.20E+00,2.20E+00,2.20E+00,2.20E+00,2.20E+00,2.20E+00,2.20E+00,2.20E+00,2.20E+00,2.20E+00,2.20E+00,2.20E+00,2.20E+00,0.00E+00,2.16E+00,0.00E+00,2.86E+00,2.82E+00,0.00E+00,0.00E+00,0.00E+00,0.00E+00,0.00E+00,0.362093666
2.20E+00,2.20E+00,2.20E+00,2.20E+00,2.20E+00,2.20E+00,2.20E+00,2.20E+00,2.20E+00,2.20E+00,2.20E+00,2.20E+00,2.20E+00,2.20E+00,2.20E+00,2.20E+00,2.20E+00,2.20E+00,2.20E+00,2.20E+00,2.20E+00,2.20E+00,2.20E+00,2.20E+00,2.20E+00,2.20E+00,2.20E+00,2.20E+00,9.46E+00,0.00E+00,3.44E+00,0.00E+00,0.00E+00,0.00E+00,0.00E+00,0.00E+00,0.00E+00,0.00E+00,0.254917211
2.20E+00,2.20E+00,2.20E+00,2.20E+00,2.20E+00,2.20E+00,2.20E+00,2.20E+00,2.20E+00,2.20E+00,2.20E+00,2.20E+00,2.20E+00,2.20E+00,2.20E+00,2.20E+00,2.20E+00,2.20E+00,2.20E+00,2.20E+00,2.20E+00,2.20E+00,2.20E+00,2.20E+00,2.20E+00,2.20E+00,2.20E+00,2.20E+00,0.00E+00,0.00E+00,0.00E+00,1.55E+00,0.00E+00,4.65E+00,0.00E+00,0.00E+00,0.00E+00,6.48E+00,0.242919828
2.20E+00,2.20E+00,2.20E+00,2.20E+00,2.20E+00,2.20E+00,2.20E+00,2.20E+00,2.20E+00,2.20E+00,2.20E+00,2.20E+00,2.20E+00,2.20E+00,2.20E+00,2.20E+00,2.20E+00,2.20E+00,2.20E+00,2.20E+00,2.20E+00,2.20E+00,2.20E+00,2.20E+00,2.20E+00,2.20E+00,2.20E+00,2.20E+00,7.09E+00,0.00E+00,0.00E+00,0.00E+00,0.00E+00,3.62E+00,0.00E+00,5.90E+00,0.00E+00,0.00E+00,0.193611314
2.20E+00,2.20E+00,2.20E+00,2.20E+00,2.20E+00,2.20E+00,2.20E+00,2.20E+00,2.20E+00,2.20E+00,2.20E+00,2.20E+00,2.20E+00,2.20E+00,2.20E+00,2.20E+00,2.20E+00,2.20E+00,2.20E+00,2.20E+00,2.20E+00,2.20E+00,2.20E+00,2.20E+00,2.20E+00,2.20E+00,2.20E+00,2.20E+00,6.63E+00,1.79E+00,0.00E+00,0.00E+00,4.09E+00,0.00E+00,0.00E+00,0.00E+00,0.00E+00,0.00E+00,0.336104186
2.20E+00,2.20E+00,2.20E+00,2.20E+00,2.20E+00,2.20E+00,2.20E+00,2.20E+00,2.20E+00,2.20E+00,2.20E+00,2.20E+00,2.20E+00,2.20E+00,2.20E+00,2.20E+00,2.20E+00,2.20E+00,2.20E+00,2.20E+00,2.20E+00,2.20E+00,2.20E+00,2.20E+00,2.20E+00,2.20E+00,2.20E+00,2.20E+00,0.00E+00,2.60E+00,2.38E+00,0.00E+00,0.00E+00,4.99E+00,0.00E+00,0.00E+00,0.00E+00,0.00E+00,0.368834615
2.20E+00,2.20E+00,2.20E+00,2.20E+00,2.20E+00,2.20E+00,2.20E+00,2.20E+00,2.20E+00,2.20E+00,2.20E+00,2.20E+00,2.20E+00,2.20E+00,2.20E+00,2.20E+00,2.20E+00,2.20E+00,2.20E+00,2.20E+00,2.20E+00,2.20E+00,2.20E+00,2.20E+00,2.20E+00,2.20E+00,2.20E+00,2.20E+00,6.27E+00,0.00E+00,0.00E+00,0.00E+00,0.00E+00,0.00E+00,0.00E+00,5.49E+00,0.00E+00,1.23E+01,0.176528183
2.20E+00,2.20E+00,2.20E+00,2.20E+00,2.20E+00,2.20E+00,2.20E+00,2.20E+00,2.20E+00,2.20E+00,2.20E+00,2.20E+00,2.20E+00,2.20E+00,2.20E+00,2.20E+00,2.20E+00,2.20E+00,2.20E+00,2.20E+00,2.20E+00,2.20E+00,2.20E+00,2.20E+00,2.20E+00,2.20E+00,2.20E+00,2.20E+00,0.00E+00,0.00E+00,2.13E+00,0.00E+00,0.00E+00,0.00E+00,0.00E+00,3.45E+00,0.00E+00,0.00E+00,0.158459452
2.20E+00,2.20E+00,2.20E+00,2.20E+00,2.20E+00,2.20E+00,2.20E+00,2.20E+00,2.20E+00,2.20E+00,2.20E+00,2.20E+00,2.20E+00,2.20E+00,2.20E+00,2.20E+00,2.20E+00,2.20E+00,2.20E+00,2.20E+00,2.20E+00,2.20E+00,2.20E+00,2.20E+00,2.20E+00,2.20E+00,2.20E+00,2.20E+00,0.00E+00,0.00E+00,0.00E+00,0.00E+00,0.00E+00,0.00E+00,0.00E+00,8.85E+00,0.00E+00,1.39E+01,0.153837502
2.20E+00,2.20E+00,2.20E+00,2.20E+00,2.20E+00,2.20E+00,2.20E+00,2.20E+00,2.20E+00,2.20E+00,2.20E+00,2.20E+00,2.20E+00,2.20E+00,2.20E+00,2.20E+00,2.20E+00,2.20E+00,2.20E+00,2.20E+00,2.20E+00,2.20E+00,2.20E+00,2.20E+00,2.20E+00,2.20E+00,2.20E+00,2.20E+00,0.00E+00,0.00E+00,0.00E+00,0.00E+00,0.00E+00,8.11E+00,0.00E+00,1.08E+01,0.00E+00,0.00E+00,0.188703211
2.20E+00,2.20E+00,2.20E+00,2.20E+00,2.20E+00,2.20E+00,2.20E+00,2.20E+00,2.20E+00,2.20E+00,2.20E+00,2.20E+00,2.20E+00,2.20E+00,2.20E+00,2.20E+00,2.20E+00,2.20E+00,2.20E+00,2.20E+00,2.20E+00,2.20E+00,2.20E+00,2.20E+00,2.20E+00,2.20E+00,2.20E+00,2.20E+00,0.00E+00,2.21E+00,0.00E+00,0.00E+00,0.00E+00,0.00E+00,0.00E+00,8.37E+00,0.00E+00,0.00E+00,0.165469364
2.20E+00,2.20E+00,2.20E+00,2.20E+00,2.20E+00,2.20E+00,2.20E+00,2.20E+00,2.20E+00,2.20E+00,2.20E+00,2.20E+00,2.20E+00,2.20E+00,2.20E+00,2.20E+00,2.20E+00,2.20E+00,2.20E+00,2.20E+00,2.20E+00,2.20E+00,2.20E+00,2.20E+00,2.20E+00,2.20E+00,2.20E+00,2.20E+00,0.00E+00,0.00E+00,0.00E+00,0.00E+00,1.22E+00,4.10E+00,0.00E+00,0.00E+00,0.00E+00,0.00E+00,0.170605084
2.20E+00,2.20E+00,2.20E+00,2.20E+00,2.20E+00,2.20E+00,2.20E+00,2.20E+00,2.20E+00,2.20E+00,2.20E+00,2.20E+00,2.20E+00,2.20E+00,2.20E+00,2.20E+00,2.20E+00,2.20E+00,2.20E+00,2.20E+00,2.20E+00,2.20E+00,2.20E+00,2.20E+00,2.20E+00,2.20E+00,2.20E+00,2.20E+00,6.83E+00,0.00E+00,0.00E+00,1.80E+00,0.00E+00,0.00E+00,0.00E+00,0.00E+00,0.00E+00,9.63E+00,0.215476134
2.20E+00,2.20E+00,2.20E+00,2.20E+00,2.20E+00,2.20E+00,2.20E+00,2.20E+00,2.20E+00,2.20E+00,2.20E+00,2.20E+00,2.20E+00,2.20E+00,2.20E+00,2.20E+00,2.20E+00,2.20E+00,2.20E+00,2.20E+00,2.20E+00,2.20E+00,2.20E+00,2.20E+00,2.20E+00,2.20E+00,2.20E+00,2.20E+00,0.00E+00,0.00E+00,0.00E+00,0.00E+00,1.55E+00,0.00E+00,0.00E+00,4.65E+00,0.00E+00,1.07E+01,0.154911893
2.20E+00,2.20E+00,2.20E+00,2.20E+00,2.20E+00,2.20E+00,2.20E+00,2.20E+00,2.20E+00,2.20E+00,2.20E+00,2.20E+00,2.20E+00,2.20E+00,2.20E+00,2.20E+00,2.20E+00,2.20E+00,2.20E+00,2.20E+00,2.20E+00,2.20E+00,2.20E+00,2.20E+00,2.20E+00,2.20E+00,2.20E+00,2.20E+00,6.55E+00,0.00E+00,0.00E+00,2.97E+00,0.00E+00,0.00E+00,0.00E+00,0.00E+00,0.00E+00,0.00E+00,0.302219643
2.20E+00,2.20E+00,2.20E+00,2.20E+00,2.20E+00,2.20E+00,2.20E+00,2.20E+00,2.20E+00,2.20E+00,2.20E+00,2.20E+00,2.20E+00,2.20E+00,2.20E+00,2.20E+00,2.20E+00,2.20E+00,2.20E+00,2.20E+00,2.20E+00,2.20E+00,2.20E+00,2.20E+00,2.20E+00,2.20E+00,2.20E+00,2.20E+00,0.00E+00,1.89E+00,0.00E+00,0.00E+00,0.00E+00,6.72E+00,0.00E+00,0.00E+00,0.00E+00,1.62E+01,0.270566653
2.20E+00,2.20E+00,2.20E+00,2.20E+00,2.20E+00,2.20E+00,2.20E+00,2.20E+00,2.20E+00,2.20E+00,2.20E+00,2.20E+00,2.20E+00,2.20E+00,2.20E+00,2.20E+00,2.20E+00,2.20E+00,2.20E+00,2.20E+00,2.20E+00,2.20E+00,2.20E+00,2.20E+00,2.20E+00,2.20E+00,2.20E+00,2.20E+00,0.00E+00,0.00E+00,2.26E+00,2.23E+00,0.00E+00,0.00E+00,0.00E+00,0.00E+00,0.00E+00,1.43E+01,0.240512226
2.20E+00,2.20E+00,2.20E+00,2.20E+00,2.20E+00,2.20E+00,2.20E+00,2.20E+00,2.20E+00,2.20E+00,2.20E+00,2.20E+00,2.20E+00,2.20E+00,2.20E+00,2.20E+00,2.20E+00,2.20E+00,2.20E+00,2.20E+00,2.20E+00,2.20E+00,2.20E+00,2.20E+00,2.20E+00,2.20E+00,2.20E+00,2.20E+00,0.00E+00,0.00E+00,0.00E+00,3.82E+00,1.26E+00,3.55E+00,1.26E+00,0.00E+00,0.00E+00,0.00E+00,0.336184625
2.20E+00,2.20E+00,2.20E+00,2.20E+00,2.20E+00,2.20E+00,2.20E+00,2.20E+00,2.20E+00,2.20E+00,2.20E+00,2.20E+00,2.20E+00,2.20E+00,2.20E+00,2.20E+00,2.20E+00,2.20E+00,2.20E+00,2.20E+00,2.20E+00,2.20E+00,2.20E+00,2.20E+00,2.20E+00,2.20E+00,2.20E+00,2.20E+00,5.52E+00,0.00E+00,8.93E-01,2.04E+00,3.86E+00,0.00E+00,0.00E+00,0.00E+00,0.00E+00,0.00E+00,0.302654535
2.20E+00,2.20E+00,2.20E+00,2.20E+00,2.20E+00,2.20E+00,2.20E+00,2.20E+00,2.20E+00,2.20E+00,2.20E+00,2.20E+00,2.20E+00,2.20E+00,2.20E+00,2.20E+00,2.20E+00,2.20E+00,2.20E+00,2.20E+00,2.20E+00,2.20E+00,2.20E+00,2.20E+00,2.20E+00,2.20E+00,2.20E+00,2.20E+00,6.19E+00,0.00E+00,0.00E+00,0.00E+00,3.10E+00,0.00E+00,0.00E+00,5.85E+00,0.00E+00,0.00E+00,0.19236413
2.20E+00,2.20E+00,2.20E+00,2.20E+00,2.20E+00,2.20E+00,2.20E+00,2.20E+00,2.20E+00,2.20E+00,2.20E+00,2.20E+00,2.20E+00,2.20E+00,2.20E+00,2.20E+00,2.20E+00,2.20E+00,2.20E+00,2.20E+00,2.20E+00,2.20E+00,2.20E+00,2.20E+00,2.20E+00,2.20E+00,2.20E+00,2.20E+00,0.00E+00,3.31E+00,0.00E+00,0.00E+00,0.00E+00,0.00E+00,6.98E-01,5.47E+00,0.00E+00,1.04E+01,0.167390027
2.20E+00,2.20E+00,2.20E+00,2.20E+00,2.20E+00,2.20E+00,2.20E+00,2.20E+00,2.20E+00,2.20E+00,2.20E+00,2.20E+00,2.20E+00,2.20E+00,2.20E+00,2.20E+00,2.20E+00,2.20E+00,2.20E+00,2.20E+00,2.20E+00,2.20E+00,2.20E+00,2.20E+00,2.20E+00,2.20E+00,2.20E+00,2.20E+00,0.00E+00,0.00E+00,2.02E+00,1.89E+00,1.85E+00,4.05E+00,0.00E+00,0.00E+00,0.00E+00,0.00E+00,0.32553523
2.20E+00,2.20E+00,2.20E+00,2.20E+00,2.20E+00,2.20E+00,2.20E+00,2.20E+00,2.20E+00,2.20E+00,2.20E+00,2.20E+00,2.20E+00,2.20E+00,2.20E+00,2.20E+00,2.20E+00,2.20E+00,2.20E+00,2.20E+00,2.20E+00,2.20E+00,2.20E+00,2.20E+00,2.20E+00,2.20E+00,2.20E+00,2.20E+00,4.81E+00,0.00E+00,1.10E+00,0.00E+00,0.00E+00,2.84E+00,0.00E+00,4.78E+00,0.00E+00,0.00E+00,0.251883565
2.20E+00,2.20E+00,2.20E+00,2.20E+00,2.20E+00,2.20E+00,2.20E+00,2.20E+00,2.20E+00,2.20E+00,2.20E+00,2.20E+00,2.20E+00,2.20E+00,2.20E+00,2.20E+00,2.20E+00,2.20E+00,2.20E+00,2.20E+00,2.20E+00,2.20E+00,2.20E+00,2.20E+00,2.20E+00,2.20E+00,2.20E+00,2.20E+00,5.27E+00,0.00E+00,0.00E+00,2.35E+00,3.39E+00,3.65E+00,0.00E+00,0.00E+00,0.00E+00,0.00E+00,0.335468814
2.20E+00,2.20E+00,2.20E+00,2.20E+00,2.20E+00,2.20E+00,2.20E+00,2.20E+00,2.20E+00,2.20E+00,2.20E+00,2.20E+00,2.20E+00,2.20E+00,2.20E+00,2.20E+00,2.20E+00,2.20E+00,2.20E+00,2.20E+00,2.20E+00,2.20E+00,2.20E+00,2.20E+00,2.20E+00,2.20E+00,2.20E+00,2.20E+00,0.00E+00,0.00E+00,4.09E+00,0.00E+00,0.00E+00,7.56E+00,7.22E-01,0.00E+00,0.00E+00,0.00E+00,0.291908927
2.20E+00,2.20E+00,2.20E+00,2.20E+00,2.20E+00,2.20E+00,2.20E+00,2.20E+00,2.20E+00,2.20E+00,2.20E+00,2.20E+00,2.20E+00,2.20E+00,2.20E+00,2.20E+00,2.20E+00,2.20E+00,2.20E+00,2.20E+00,2.20E+00,2.20E+00,2.20E+00,2.20E+00,2.20E+00,2.20E+00,2.20E+00,2.20E+00,0.00E+00,0.00E+00,1.83E+00,1.69E+00,0.00E+00,4.38E+00,0.00E+00,0.00E+00,0.00E+00,0.00E+00,0.304846878
2.20E+00,2.20E+00,2.20E+00,2.20E+00,2.20E+00,2.20E+00,2.20E+00,2.20E+00,2.20E+00,2.20E+00,2.20E+00,2.20E+00,2.20E+00,2.20E+00,2.20E+00,2.20E+00,2.20E+00,2.20E+00,2.20E+00,2.20E+00,2.20E+00,2.20E+00,2.20E+00,2.20E+00,2.20E+00,2.20E+00,2.20E+00,2.20E+00,0.00E+00,0.00E+00,3.26E+00,0.00E+00,0.00E+00,0.00E+00,1.07E+00,0.00E+00,0.00E+00,0.00E+00,0.237017446
2.20E+00,2.20E+00,2.20E+00,2.20E+00,2.20E+00,2.20E+00,2.20E+00,2.20E+00,2.20E+00,2.20E+00,2.20E+00,2.20E+00,2.20E+00,2.20E+00,2.20E+00,2.20E+00,2.20E+00,2.20E+00,2.20E+00,2.20E+00,2.20E+00,2.20E+00,2.20E+00,2.20E+00,2.20E+00,2.20E+00,2.20E+00,2.20E+00,0.00E+00,0.00E+00,1.24E+00,2.26E+00,2.05E+00,0.00E+00,0.00E+00,0.00E+00,0.00E+00,0.00E+00,0.297719374
2.20E+00,2.20E+00,2.20E+00,2.20E+00,2.20E+00,2.20E+00,2.20E+00,2.20E+00,2.20E+00,2.20E+00,2.20E+00,2.20E+00,2.20E+00,2.20E+00,2.20E+00,2.20E+00,2.20E+00,2.20E+00,2.20E+00,2.20E+00,2.20E+00,2.20E+00,2.20E+00,2.20E+00,2.20E+00,2.20E+00,2.20E+00,2.20E+00,0.00E+00,0.00E+00,0.00E+00,0.00E+00,1.83E+00,3.18E+00,0.00E+00,0.00E+00,0.00E+00,9.25E+00,0.246085944
2.20E+00,2.20E+00,2.20E+00,2.20E+00,2.20E+00,2.20E+00,2.20E+00,2.20E+00,2.20E+00,2.20E+00,2.20E+00,2.20E+00,2.20E+00,2.20E+00,2.20E+00,2.20E+00,2.20E+00,2.20E+00,2.20E+00,2.20E+00,2.20E+00,2.20E+00,2.20E+00,2.20E+00,2.20E+00,2.20E+00,2.20E+00,2.20E+00,0.00E+00,1.82E+00,0.00E+00,1.62E+00,0.00E+00,0.00E+00,0.00E+00,0.00E+00,0.00E+00,6.13E+00,0.230977486
2.20E+00,2.20E+00,2.20E+00,2.20E+00,2.20E+00,2.20E+00,2.20E+00,2.20E+00,2.20E+00,2.20E+00,2.20E+00,2.20E+00,2.20E+00,2.20E+00,2.20E+00,2.20E+00,2.20E+00,2.20E+00,2.20E+00,2.20E+00,2.20E+00,2.20E+00,2.20E+00,2.20E+00,2.20E+00,2.20E+00,2.20E+00,2.20E+00,9.71E+00,0.00E+00,0.00E+00,0.00E+00,0.00E+00,0.00E+00,0.00E+00,0.00E+00,0.00E+00,0.00E+00,0.203747447
2.20E+00,2.20E+00,2.20E+00,2.20E+00,2.20E+00,2.20E+00,2.20E+00,2.20E+00,2.20E+00,2.20E+00,2.20E+00,2.20E+00,2.20E+00,2.20E+00,2.20E+00,2.20E+00,2.20E+00,2.20E+00,2.20E+00,2.20E+00,2.20E+00,2.20E+00,2.20E+00,2.20E+00,2.20E+00,2.20E+00,2.20E+00,2.20E+00,0.00E+00,0.00E+00,3.15E+00,0.00E+00,0.00E+00,6.76E+00,0.00E+00,0.00E+00,0.00E+00,0.00E+00,0.340186706
2.20E+00,2.20E+00,2.20E+00,2.20E+00,2.20E+00,2.20E+00,2.20E+00,2.20E+00,2.20E+00,2.20E+00,2.20E+00,2.20E+00,2.20E+00,2.20E+00,2.20E+00,2.20E+00,2.20E+00,2.20E+00,2.20E+00,2.20E+00,2.20E+00,2.20E+00,2.20E+00,2.20E+00,2.20E+00,2.20E+00,2.20E+00,2.20E+00,0.00E+00,0.00E+00,2.24E+00,2.33E+00,0.00E+00,0.00E+00,0.00E+00,4.63E+00,0.00E+00,0.00E+00,0.204086906
2.20E+00,2.20E+00,2.20E+00,2.20E+00,2.20E+00,2.20E+00,2.20E+00,2.20E+00,2.20E+00,2.20E+00,2.20E+00,2.20E+00,2.20E+00,2.20E+00,2.20E+00,2.20E+00,2.20E+00,2.20E+00,2.20E+00,2.20E+00,2.20E+00,2.20E+00,2.20E+00,2.20E+00,2.20E+00,2.20E+00,2.20E+00,2.20E+00,0.00E+00,0.00E+00,6.41E-01,0.00E+00,1.90E+00,0.00E+00,0.00E+00,0.00E+00,0.00E+00,7.81E+00,0.166473868
2.20E+00,2.20E+00,2.20E+00,2.20E+00,2.20E+00,2.20E+00,2.20E+00,2.20E+00,2.20E+00,2.20E+00,2.20E+00,2.20E+00,2.20E+00,2.20E+00,2.20E+00,2.20E+00,2.20E+00,2.20E+00,2.20E+00,2.20E+00,2.20E+00,2.20E+00,2.20E+00,2.20E+00,2.20E+00,2.20E+00,2.20E+00,2.20E+00,9.02E+00,0.00E+00,0.00E+00,0.00E+00,0.00E+00,0.00E+00,6.24E-01,0.00E+00,0.00E+00,1.27E+01,0.131987304
2.20E+00,2.20E+00,2.20E+00,2.20E+00,2.20E+00,2.20E+00,2.20E+00,2.20E+00,2.20E+00,2.20E+00,2.20E+00,2.20E+00,2.20E+00,2.20E+00,2.20E+00,2.20E+00,2.20E+00,2.20E+00,2.20E+00,2.20E+00,2.20E+00,2.20E+00,2.20E+00,2.20E+00,2.20E+00,2.20E+00,2.20E+00,2.20E+00,7.24E+00,0.00E+00,0.00E+00,0.00E+00,2.87E+00,2.84E+00,0.00E+00,6.45E+00,0.00E+00,0.00E+00,0.273117994
2.20E+00,2.20E+00,2.20E+00,2.20E+00,2.20E+00,2.20E+00,2.20E+00,2.20E+00,2.20E+00,2.20E+00,2.20E+00,2.20E+00,2.20E+00,2.20E+00,2.20E+00,2.20E+00,2.20E+00,2.20E+00,2.20E+00,2.20E+00,2.20E+00,2.20E+00,2.20E+00,2.20E+00,2.20E+00,2.20E+00,2.20E+00,2.20E+00,5.44E+00,2.52E+00,0.00E+00,2.25E+00,0.00E+00,4.25E+00,0.00E+00,0.00E+00,0.00E+00,0.00E+00,0.37845481
2.20E+00,2.20E+00,2.20E+00,2.20E+00,2.20E+00,2.20E+00,2.20E+00,2.20E+00,2.20E+00,2.20E+00,2.20E+00,2.20E+00,2.20E+00,2.20E+00,2.20E+00,2.20E+00,2.20E+00,2.20E+00,2.20E+00,2.20E+00,2.20E+00,2.20E+00,2.20E+00,2.20E+00,2.20E+00,2.20E+00,2.20E+00,2.20E+00,5.64E+00,1.81E+00,1.57E+00,0.00E+00,0.00E+00,0.00E+00,0.00E+00,0.00E+00,0.00E+00,8.00E+00,0.23210631
2.20E+00,2.20E+00,2.20E+00,2.20E+00,2.20E+00,2.20E+00,2.20E+00,2.20E+00,2.20E+00,2.20E+00,2.20E+00,2.20E+00,2.20E+00,2.20E+00,2.20E+00,2.20E+00,2.20E+00,2.20E+00,2.20E+00,2.20E+00,2.20E+00,2.20E+00,2.20E+00,2.20E+00,2.20E+00,2.20E+00,2.20E+00,2.20E+00,1.14E+01,1.95E+00,0.00E+00,0.00E+00,5.82E+00,0.00E+00,0.00E+00,0.00E+00,0.00E+00,0.00E+00,0.367485294
2.20E+00,2.20E+00,2.20E+00,2.20E+00,2.20E+00,2.20E+00,2.20E+00,2.20E+00,2.20E+00,2.20E+00,2.20E+00,2.20E+00,2.20E+00,2.20E+00,2.20E+00,2.20E+00,2.20E+00,2.20E+00,2.20E+00,2.20E+00,2.20E+00,2.20E+00,2.20E+00,2.20E+00,2.20E+00,2.20E+00,2.20E+00,2.20E+00,7.17E+00,0.00E+00,0.00E+00,3.05E+00,0.00E+00,0.00E+00,0.00E+00,4.69E+00,0.00E+00,0.00E+00,0.271240007
2.20E+00,2.20E+00,2.20E+00,2.20E+00,2.20E+00,2.20E+00,2.20E+00,2.20E+00,2.20E+00,2.20E+00,2.20E+00,2.20E+00,2.20E+00,2.20E+00,2.20E+00,2.20E+00,2.20E+00,2.20E+00,2.20E+00,2.20E+00,2.20E+00,2.20E+00,2.20E+00,2.20E+00,2.20E+00,2.20E+00,2.20E+00,2.20E+00,0.00E+00,0.00E+00,1.62E+00,0.00E+00,0.00E+00,2.47E+00,0.00E+00,4.37E+00,0.00E+00,0.00E+00,0.260965455
2.20E+00,2.20E+00,2.20E+00,2.20E+00,2.20E+00,2.20E+00,2.20E+00,2.20E+00,2.20E+00,2.20E+00,2.20E+00,2.20E+00,2.20E+00,2.20E+00,2.20E+00,2.20E+00,2.20E+00,2.20E+00,2.20E+00,2.20E+00,2.20E+00,2.20E+00,2.20E+00,2.20E+00,2.20E+00,2.20E+00,2.20E+00,2.20E+00,6.97E+00,0.00E+00,6.49E-01,0.00E+00,2.72E+00,0.00E+00,0.00E+00,5.63E+00,0.00E+00,0.00E+00,0.246906685
2.20E+00,2.20E+00,2.20E+00,2.20E+00,2.20E+00,2.20E+00,2.20E+00,2.20E+00,2.20E+00,2.20E+00,2.20E+00,2.20E+00,2.20E+00,2.20E+00,2.20E+00,2.20E+00,2.20E+00,2.20E+00,2.20E+00,2.20E+00,2.20E+00,2.20E+00,2.20E+00,2.20E+00,2.20E+00,2.20E+00,2.20E+00,2.20E+00,0.00E+00,2.80E+00,3.15E+00,2.44E+00,0.00E+00,0.00E+00,0.00E+00,0.00E+00,0.00E+00,0.00E+00,0.392929086
2.20E+00,2.20E+00,2.20E+00,2.20E+00,2.20E+00,2.20E+00,2.20E+00,2.20E+00,2.20E+00,2.20E+00,2.20E+00,2.20E+00,2.20E+00,2.20E+00,2.20E+00,2.20E+00,2.20E+00,2.20E+00,2.20E+00,2.20E+00,2.20E+00,2.20E+00,2.20E+00,2.20E+00,2.20E+00,2.20E+00,2.20E+00,2.20E+00,0.00E+00,2.47E+00,2.19E+00,2.51E+00,2.34E+00,0.00E+00,0.00E+00,0.00E+00,0.00E+00,0.00E+00,0.363026447
2.20E+00,2.20E+00,2.20E+00,2.20E+00,2.20E+00,2.20E+00,2.20E+00,2.20E+00,2.20E+00,2.20E+00,2.20E+00,2.20E+00,2.20E+00,2.20E+00,2.20E+00,2.20E+00,2.20E+00,2.20E+00,2.20E+00,2.20E+00,2.20E+00,2.20E+00,2.20E+00,2.20E+00,2.20E+00,2.20E+00,2.20E+00,2.20E+00,0.00E+00,0.00E+00,0.00E+00,0.00E+00,4.53E+00,0.00E+00,0.00E+00,8.71E+00,0.00E+00,1.94E+01,0.194883039